dlid,source,drug_label,prescribing_guideline,dosing_guideline,chemical,gene,hap_var
PA166269401,EMA,3,-1,-1,nateglinide,CYP2C9,
PA166269301,FDA,4,-1,-1,maralixibat,JAG1,
PA166269701,EMA,1,-1,-1,glycerol phenylbutyrate,ARG1,
PA166269701,EMA,1,-1,-1,glycerol phenylbutyrate,ASL,
PA166269701,EMA,1,-1,-1,glycerol phenylbutyrate,ASS1,
PA166269701,EMA,1,-1,-1,glycerol phenylbutyrate,CPS1,
PA166269701,EMA,1,-1,-1,glycerol phenylbutyrate,OTC,
PA166273262,EMA,4,-1,-1,ospemifene,CYP2B6,
PA166273261,EMA,3,1,-1,ospemifene,CYP2C9,
PA166273281,EMA,4,-1,-1,nusinersen,SMN2,
PA166273301,EMA,1,1,-1,nivolumab,ALK,
PA166273301,EMA,1,1,-1,nivolumab,CD274,
PA166273301,EMA,1,1,-1,nivolumab,EGFR,
PA166273301,EMA,1,1,-1,nivolumab,ERBB2,
PA166273321,EMA,4,-1,-1,niraparib,BRCA1,
PA166273321,EMA,4,-1,-1,niraparib,BRCA2,
PA166273423,EMA,1,1,-1,lutetium (177Lu) oxodotreotide,SSTR1,
PA166273423,EMA,1,1,-1,lutetium (177Lu) oxodotreotide,SSTR2,
PA166273423,EMA,1,1,-1,lutetium (177Lu) oxodotreotide,SSTR3,
PA166273423,EMA,1,1,-1,lutetium (177Lu) oxodotreotide,SSTR4,
PA166273423,EMA,1,1,-1,lutetium (177Lu) oxodotreotide,SSTR5,
PA166271261,EMA,2,1,-1,tegafur / gimeracil / oteracil,DPYD,"DPYD c.1129-5923C>G, c.1236G>A (HapB3); DPYD c.1679T>G (*13); DPYD c.1905+1G>A (*2A); DPYD c.2846A>T"
PA166272161,EMA,4,-1,-1,venetoclax,FLT3,
PA166272161,EMA,4,-1,-1,venetoclax,IDH1,
PA166272161,EMA,4,-1,-1,venetoclax,IDH2,
PA166272161,EMA,4,-1,-1,venetoclax,NPM1,
PA166272161,EMA,4,-1,-1,venetoclax,TP53,
PA166273501,EMA,4,-1,-1,ipilimumab,CTLA4,HLA-A*02:01
PA166273501,EMA,4,-1,-1,ipilimumab,HLA-A,HLA-A*02:01
PA166273521,EMA,1,1,-1,ipilimumab,ALK,
PA166273521,EMA,1,1,-1,ipilimumab,CD274,
PA166273521,EMA,1,1,-1,ipilimumab,EGFR,
PA166272181,EMA,4,-1,-1,upadacitinib,CYP2D6,
PA166273381,EMA,1,-1,-1,metreleptin,AGPAT2,
PA166273381,EMA,1,-1,-1,metreleptin,BSCL2,
PA166273381,EMA,1,-1,-1,metreleptin,LEP,
PA166273381,EMA,1,-1,-1,metreleptin,LMNB2,
PA166272201,EMA,1,1,-1,tucatinib,ERBB2,
PA166273541,EMA,4,1,-1,inebilizumab-cdon,AQP4,
PA166272221,HCSC,1,1,-1,tucatinib,ERBB2,
PA166272241,HCSC,4,-1,-1,upadacitinib,CYP2D6,
PA166169884,FDA,1,1,-1,durvalumab,CD274,
PA166191561,FDA,1,1,-1,nivolumab,ALK,
PA166191561,FDA,1,1,-1,nivolumab,CD274,
PA166191561,FDA,1,1,-1,nivolumab,EGFR,
PA166272261,HCSC,4,-1,-1,venetoclax,FLT3,
PA166272261,HCSC,4,-1,-1,venetoclax,IDH1,
PA166272261,HCSC,4,-1,-1,venetoclax,IDH2,
PA166272261,HCSC,4,-1,-1,venetoclax,NPM1,
PA166272261,HCSC,4,-1,-1,venetoclax,TP53,
PA166271361,HCSC,1,1,-1,capmatinib,MET,
PA166272321,HCSC,4,-1,-1,tipiracil / trifluridine,ERBB2,
PA166272321,HCSC,4,-1,-1,tipiracil / trifluridine,KRAS,
PA166272581,HCSC,1,1,-1,sotorasib,KRAS,rs121913530
PA166272601,EMA,1,1,-1,sotorasib,KRAS,rs121913530
PA166272621,EMA,4,-1,-1,tafamidis,TTR,
PA166271481,HCSC,3,1,-1,escitalopram,CYP2C19,
PA166272681,EMA,4,-1,-1,tipiracil / trifluridine,ERBB2,
PA166272681,EMA,4,-1,-1,tipiracil / trifluridine,KRAS,
PA166272701,EMA,4,1,-1,rimegepant,CYP2C9,
PA166273981,HCSC,1,-1,-1,asciminib,ABL1,
PA166273981,HCSC,1,-1,-1,asciminib,BCR,
PA166271541,EMA,3,1,-1,sacituzumab govitecan-hziy,UGT1A1,UGT1A1*28
PA166272721,EMA,1,1,-1,risdiplam,SMN1,
PA166272721,EMA,1,1,-1,risdiplam,SMN2,
PA166184117,Swissmedic,3,-1,-1,carbasalate calcium,G6PD,
PA166184405,Swissmedic,3,1,1,brexpiprazole,CYP2D6,
PA166184114,Swissmedic,3,1,1,capecitabine,DPYD,
PA166184116,Swissmedic,1,1,-1,carbamazepine,HLA-B,HLA-B*15:02:01
PA166184122,Swissmedic,3,-1,-1,ciprofloxacin,G6PD,
PA166184124,Swissmedic,3,-1,-1,clomipramine,CYP2D6,
PA166184126,Swissmedic,3,1,-1,codeine,CYP2D6,
PA166184133,Swissmedic,3,-1,-1,dexlansoprazole,CYP2C19,
PA166184134,Swissmedic,3,-1,-1,dextromethorphan,CYP2D6,
PA166184506,Swissmedic,1,1,-1,dolutegravir / abacavir / lamivudine,HLA-B,HLA-B*57:01
PA166184442,Swissmedic,3,-1,-1,duloxetine,CYP2D6,
PA166184449,Swissmedic,2,-1,-1,flucytosine,DPYD,
PA166183786,Swissmedic,3,-1,-1,amlodipine / atorvastatin / perindopril arginine,G6PD,rs4149056
PA166183786,Swissmedic,3,-1,-1,amlodipine / atorvastatin / perindopril arginine,SLCO1B1,rs4149056
PA166271561,HCSC,3,1,-1,sacituzumab govitecan-hziy,UGT1A1,UGT1A1*28
PA166272741,EMA,4,-1,-1,ropeginterferon alfa-2b,JAK2,rs77375493
PA166272761,EMA,4,-1,-1,satralizumab,AQP4,
PA166104846,FDA,1,1,-1,arsenic trioxide,PML,
PA166104846,FDA,1,1,-1,arsenic trioxide,RARA,
PA166272781,EMA,1,1,-1,selpercatinib,RET,
PA166182280,FDA,1,1,-1,dacomitinib,EGFR,rs121434568
PA166272801,EMA,1,1,-1,setmelanotide,LEPR,
PA166272801,EMA,1,1,-1,setmelanotide,PCSK1,
PA166272801,EMA,1,1,-1,setmelanotide,POMC,
PA166180000,FDA,3,1,-1,meclizine,CYP2D6,
PA166272821,EMA,1,1,1,siponimod,CYP2C9,CYP2C9*1; CYP2C9*11; CYP2C9*2; CYP2C9*3; CYP2C9*5; CYP2C9*6; CYP2C9*8
PA166272841,EMA,3,1,-1,sodium oxybate,ALDH5A1,
PA166185156,FDA,3,1,-1,mivacurium,BCHE,
PA166268881,FDA,1,1,1,belzutifan,VHL,
PA166268882,FDA,3,1,-1,belzutifan,CYP2C19,CYP2C19*2; CYP2C19*3
PA166268882,FDA,3,1,-1,belzutifan,UGT2B17,CYP2C19*2; CYP2C19*3
PA166272661,HCSC,1,1,-1,abemaciclib,ERBB2,
PA166272661,HCSC,1,1,-1,abemaciclib,ESR1,
PA166272661,HCSC,1,1,-1,abemaciclib,ESR2,
PA166272961,FDA,3,1,1,abrocitinib,CYP2C19,
PA166272981,EMA,4,-1,-1,abrocitinib,CYP2C19,
PA166272981,EMA,4,-1,-1,abrocitinib,CYP2C9,
PA166273001,HCSC,4,-1,-1,abrocitinib,CYP2C19,
PA166273001,HCSC,4,-1,-1,abrocitinib,CYP2C9,
PA166272123,EMA,4,-1,-1,zanubrutinib,MYD88,
PA166273081,HCSC,4,-1,-1,zanubrutinib,MYD88,
PA166273101,EMA,3,1,1,pitolisant,CYP2D6,
PA166273121,EMA,1,1,-1,pralsetinib,RET,
PA166278421,EMA,1,1,-1,cemiplimab-rwlc,ALK,
PA166278421,EMA,1,1,-1,cemiplimab-rwlc,CD274,
PA166278421,EMA,1,1,-1,cemiplimab-rwlc,EGFR,
PA166278421,EMA,1,1,-1,cemiplimab-rwlc,ROS1,
PA166278442,HCSC,1,1,-1,cemiplimab-rwlc,ALK,
PA166278442,HCSC,1,1,-1,cemiplimab-rwlc,CD274,
PA166278442,HCSC,1,1,-1,cemiplimab-rwlc,EGFR,
PA166278442,HCSC,1,1,-1,cemiplimab-rwlc,ROS1,
PA166278461,EMA,4,-1,-1,crizanlizumab-tmca,HBB,
PA166278461,EMA,4,-1,-1,crizanlizumab-tmca,SELP,
PA166278481,HCSC,1,1,-1,lutetium (177Lu) oxodotreotide,SSTR1,
PA166278481,HCSC,1,1,-1,lutetium (177Lu) oxodotreotide,SSTR2,
PA166278481,HCSC,1,1,-1,lutetium (177Lu) oxodotreotide,SSTR3,
PA166278481,HCSC,1,1,-1,lutetium (177Lu) oxodotreotide,SSTR4,
PA166278481,HCSC,1,1,-1,lutetium (177Lu) oxodotreotide,SSTR5,
PA166278701,HCSC,1,1,-1,risdiplam,SMN1,
PA166278701,HCSC,1,1,-1,risdiplam,SMN2,
PA166278361,FDA,3,1,1,dextromethorphan hydrobromide / bupropion hydrochloride,CYP2D6,
PA166273241,EMA,4,-1,-1,paliperidone,CYP2D6,
PA166278601,HCSC,1,1,-1,selpercatinib,RET,
PA166278621,HCSC,4,-1,-1,satralizumab,AQP4,
PA166184450,Swissmedic,1,-1,-1,fluorouracil,DPYD,
PA166184452,Swissmedic,4,-1,-1,fluoxetine,CYP2D6,
PA166184461,Swissmedic,3,-1,-1,hydroxychloroquine,G6PD,
PA166183900,Swissmedic,3,-1,-1,moclobemide,CYP2C19,
PA166183910,Swissmedic,4,-1,-1,nebivolol,CYP2D6,
PA166184157,Swissmedic,3,1,-1,ofloxacin,G6PD,
PA166184173,Swissmedic,1,1,-1,oxcarbazepine,HLA-B,HLA-B*15:02:01
PA166184221,Swissmedic,4,-1,-1,palonosetron,CYP2D6,
PA166184268,Swissmedic,3,-1,-1,pazopanib,HLA-B,HLA-B*15:02:01
PA166184395,Swissmedic,3,-1,-1,propafenone,CYP2D6,
PA166184120,Swissmedic,3,1,-1,quinine,G6PD,
PA166184403,Swissmedic,3,1,-1,rasburicase,G6PD,
PA166184388,Swissmedic,3,-1,-1,losartan,CYP2C9,
PA166184388,Swissmedic,3,-1,-1,losartan,CYP3A4,
PA166184390,Swissmedic,3,-1,-1,sulfamethoxazole / trimethoprim,G6PD,
PA166184424,Swissmedic,3,1,1,thioguanine,TPMT,
PA166269742,EMA,3,-1,-1,odevixibat,ABCB11,
PA166278081,FDA,1,1,-1,mitapivat,PKLR,
PA166278001,HCSC,3,-1,-1,belzutifan,CYP2C19,
PA166278001,HCSC,3,-1,-1,belzutifan,UGT2B17,
PA166277981,HCSC,1,1,-1,belzutifan,VHL,
PA166278321,FDA,1,1,-1,ganaxolone,CDKL5,
PA166278401,HCSC,3,-1,-1,bupivacaine; meloxicam,CYB5R3,
PA166278401,HCSC,3,-1,-1,bupivacaine; meloxicam,G6PD,
PA166278381,EMA,3,-1,-1,bupivacaine,CYB5R3,
PA166278381,EMA,3,-1,-1,bupivacaine,G6PD,
PA166184637,FDA,3,1,-1,oxymetazoline and tetracaine,BCHE,
PA166184637,FDA,3,1,-1,oxymetazoline and tetracaine,CYB5R3,
PA166184637,FDA,3,1,-1,oxymetazoline and tetracaine,G6PD,
PA166129525,HCSC,1,-1,-1,carglumic acid,NAGS,
PA166129526,HCSC,1,-1,-1,ceritinib,ALK,
PA166153492,FDA,3,1,-1,brivaracetam,CYP2C19,
PA166129527,HCSC,1,-1,-1,ponatinib,ABI1,
PA166129527,HCSC,1,-1,-1,ponatinib,BCR,
PA166178724,FDA,4,-1,-1,neratinib,ESR1,
PA166178724,FDA,4,-1,-1,neratinib,ESR2,
PA166178724,FDA,4,-1,-1,neratinib,PGR,
PA166281722,HCSC,1,1,-1,pralsetinib,RET,rs74799832; rs77709286
PA166281761,HCSC,4,-1,-1,paliperidone,CYP2D6,
PA166281781,HCSC,4,-1,-1,ospemifene,CYP2B6,
PA166281781,HCSC,4,-1,-1,ospemifene,CYP2C9,
PA166282861,HCSC,4,-1,-1,nusinersen,SMN2,
PA166282882,HCSC,1,1,-1,olaparib,BRCA1,
PA166282882,HCSC,1,1,-1,olaparib,BRCA2,
PA166282882,HCSC,1,1,-1,olaparib,ERBB2,
PA166163421,FDA,4,-1,-1,daclatasvir,IFNL3,
PA166283001,EMA,1,1,-1,elexacaftor / tezacaftor / ivacaftor,CFTR,rs113993960; rs199826652
PA166283021,HCSC,1,1,-1,elexacaftor / tezacaftor / ivacaftor,CFTR,rs113993960; rs199826652
PA166283201,HCSC,3,-1,-1,mivacurium,BCHE,
PA166283221,HCSC,1,1,-1,lumasiran,AGXT,
PA166284541,EMA,3,1,-1,encorafenib,HRAS,
PA166284541,EMA,3,1,-1,encorafenib,KRAS,
PA166284541,EMA,3,1,-1,encorafenib,NRAS,
PA166284542,HCSC,1,1,-1,encorafenib,BRAF,rs113488022
PA166284642,HCSC,1,1,-1,pembrolizumab,ALK,
PA166284642,HCSC,1,1,-1,pembrolizumab,CD274,
PA166284642,HCSC,1,1,-1,pembrolizumab,EGFR,
PA166284642,HCSC,1,1,-1,pembrolizumab,ERBB2,
PA166283161,HCSC,4,-1,-1,niraparib,BRCA1,
PA166283161,HCSC,4,-1,-1,niraparib,BRCA2,
PA166284681,EMA,4,-1,-1,pembrolizumab,BRAF,rs113488022
PA166160039,FDA,4,-1,-1,evolocumab,LDLR,
PA166160040,FDA,4,-1,-1,Parathyroid Hormones And Analogues,CASR,
PA166283181,HCSC,4,-1,-1,meloxicam,CYP2C9,
PA166284701,HCSC,4,-1,-1,regorafenib,EGFR,
PA166284701,HCSC,4,-1,-1,regorafenib,KRAS,
PA166284701,HCSC,4,-1,-1,regorafenib,VEGFA,
PA166284741,HCSC,4,-1,-1,nivolumab,BRAF,rs113488022
PA166251522,FDA,4,-1,-1,cabotegravir / rilpivirine,HLA-B,
PA166251501,FDA,4,-1,-1,cabotegravir / rilpivirine,UGT1A1,
PA166284761,HCSC,4,-1,-1,cabotegravir / rilpivirine,UGT1A1,
PA166277681,FDA,4,-1,-1,anifrolumab,IFNAR1,
PA166277701,EMA,4,-1,-1,anifrolumab,IFNAR1,
PA166277721,HCSC,4,-1,-1,anifrolumab,IFNAR1,
PA166104860,FDA,3,1,-1,phenytoin,CYP2C19,CYP2C9*2; CYP2C9*3; HLA-B*15:02:01
PA166104860,FDA,3,1,-1,phenytoin,CYP2C9,CYP2C9*2; CYP2C9*3; HLA-B*15:02:01
PA166104860,FDA,3,1,-1,phenytoin,HLA-B,CYP2C9*2; CYP2C9*3; HLA-B*15:02:01
PA166284241,HCSC,3,1,-1,fosphenytoin,HLA-B,HLA-B*15:02:01
PA166284661,HCSC,4,-1,-1,pembrolizumab,BRAF,rs113488022
PA166284121,HCSC,1,1,-1,trastuzumab deruxtecan,ERBB2,
PA166224081,HCSC,4,-1,-1,oxcarbazepine,HLA-A,
PA166283781,EMA,4,-1,-1,givosiran,CPOX,
PA166283781,EMA,4,-1,-1,givosiran,HMBS,
PA166283781,EMA,4,-1,-1,givosiran,PPOX,
PA166283802,HCSC,4,-1,-1,givosiran,CPOX,
PA166283802,HCSC,4,-1,-1,givosiran,HMBS,
PA166283802,HCSC,4,-1,-1,givosiran,PPOX,
PA166284561,HCSC,3,1,-1,encorafenib,HRAS,
PA166284561,HCSC,3,1,-1,encorafenib,KRAS,
PA166284561,HCSC,3,1,-1,encorafenib,NRAS,
PA166278561,HCSC,3,-1,-1,sodium oxybate,ALDH5A1,
PA166283821,HCSC,1,1,-1,ipilimumab,ALK,
PA166283821,HCSC,1,1,-1,ipilimumab,CD274,
PA166283821,HCSC,1,1,-1,ipilimumab,EGFR,
PA166284721,HCSC,1,1,-1,nivolumab,ALK,
PA166284721,HCSC,1,1,-1,nivolumab,CD274,
PA166284721,HCSC,1,1,-1,nivolumab,EGFR,
PA166284721,HCSC,1,1,-1,nivolumab,ERBB2,
PA166272361,HCSC,4,-1,-1,tafamidis,TTR,
PA166277801,HCSC,1,1,-1,tebentafusp,HLA-A,HLA-A*02:01
PA166283841,HCSC,1,1,-1,infigratinib,FGFR2,
PA166272341,HCSC,1,1,-1,tepotinib,MET,
PA166283881,HCSC,1,1,-1,glycerol phenylbutyrate,ARG1,
PA166283881,HCSC,1,1,-1,glycerol phenylbutyrate,ASL,
PA166283881,HCSC,1,1,-1,glycerol phenylbutyrate,ASS1,
PA166283881,HCSC,1,1,-1,glycerol phenylbutyrate,CPS1,
PA166283881,HCSC,1,1,-1,glycerol phenylbutyrate,OTC,
PA166278581,HCSC,1,1,1,siponimod,CYP2C9,CYP2C9*1; CYP2C9*2; CYP2C9*3
PA166268941,FDA,1,1,-1,mobocertinib,EGFR,
PA166283922,EMA,1,1,-1,gemtuzumab ozogamicin,CD33,
PA166284042,EMA,1,1,-1,entrectinib,NTRK1,
PA166284042,EMA,1,1,-1,entrectinib,NTRK2,
PA166284042,EMA,1,1,-1,entrectinib,NTRK3,
PA166284042,EMA,1,1,-1,entrectinib,ROS1,
PA166273302,EMA,4,-1,-1,nivolumab,BRAF,rs113488022
PA166283941,EMA,1,1,-1,trastuzumab deruxtecan,ERBB2,
PA166281741,HCSC,3,1,1,pitolisant,CYP2D6,
PA166283961,EMA,1,1,-1,fosdenopterin,MOCS1,
PA166251621,FDA,4,-1,-1,viloxazine,SLCO1B1,SLCO1B1*1
PA166251601,FDA,3,-1,-1,viloxazine,CYP2D6,
PA166283981,EMA,4,-1,-1,evinacumab,ANGPTL3,
PA166283981,EMA,4,-1,-1,evinacumab,LDLR,
PA166273441,EMA,1,1,-1,lumasiran,AGXT,
PA166273481,EMA,4,-1,-1,isatuximab,CD38,
PA166284001,EMA,4,-1,-1,enfortumab vedotin,NECTIN4,
PA166272141,EMA,4,-1,-1,voxelotor,HBB,
PA166284021,HCSC,4,-1,-1,enfortumab vedotin,NECTIN4,
PA166284062,HCSC,1,1,-1,entrectinib,NTRK1,
PA166284062,HCSC,1,1,-1,entrectinib,NTRK2,
PA166284062,HCSC,1,1,-1,entrectinib,NTRK3,
PA166284062,HCSC,1,1,-1,entrectinib,ROS1,
PA166229941,HCSC,1,1,-1,atezolizumab,ALK,
PA166229941,HCSC,1,1,-1,atezolizumab,CD274,
PA166229941,HCSC,1,1,-1,atezolizumab,EGFR,
PA166277661,FDA,4,-1,-1,vutrisiran,TTR,
PA166277761,FDA,1,1,-1,tebentafusp,HLA-A,HLA-A*02:01
PA166284081,HCSC,1,1,-1,erdafitinib,FGFR2,
PA166284081,HCSC,1,1,-1,erdafitinib,FGFR3,
PA166272641,EMA,1,1,-1,tepotinib,MET,
PA166273021,FDA,4,-1,-1,mavacamten,CYP2C19,
PA166277881,FDA,4,-1,-1,ravulizumab,CHRNA1,
PA166277881,FDA,4,-1,-1,ravulizumab,CHRNA3,
PA166277881,FDA,4,-1,-1,ravulizumab,CHRNA4,
PA166277881,FDA,4,-1,-1,ravulizumab,CHRNA5,
PA166277881,FDA,4,-1,-1,ravulizumab,CHRNA6,
PA166277881,FDA,4,-1,-1,ravulizumab,CHRNA7,
PA166277881,FDA,4,-1,-1,ravulizumab,CHRNB1,
PA166277881,FDA,4,-1,-1,ravulizumab,CHRNE,
PA166284101,HCSC,3,1,-1,erdafitinib,CYP2C9,CYP2C9*3
PA166277781,EMA,1,1,-1,tebentafusp,HLA-A,HLA-A*02:01
PA166278181,FDA,4,-1,-1,azacitidine,CBL,
PA166278181,FDA,4,-1,-1,azacitidine,KRAS,
PA166278181,FDA,4,-1,-1,azacitidine,NRAS,
PA166278181,FDA,4,-1,-1,azacitidine,PTPN11,
PA166278202,EMA,4,-1,-1,azacitidine,KRAS,
PA166278202,EMA,4,-1,-1,azacitidine,NRAS,
PA166278202,EMA,4,-1,-1,azacitidine,PTPN11,
PA166284261,HCSC,4,-1,-1,fosphenytoin,CYP2C9,
PA166278121,FDA,4,-1,-1,nivolumab / relatlimab,BRAF,
PA166278121,FDA,4,-1,-1,nivolumab / relatlimab,CD274,
PA166278121,FDA,4,-1,-1,nivolumab / relatlimab,LAG3,
PA166284282,HCSC,1,1,-1,gemtuzumab ozogamicin,CD33,
PA166278161,FDA,1,1,-1,lutetium (177lu) vipivotide tetraxetan,FOLH1,
PA166229921,HCSC,3,1,1,amifampridine,NAT2,
PA166273561,FDA,4,-1,-1,inclisiran,APOB,
PA166273561,FDA,4,-1,-1,inclisiran,LDLR,
PA166273561,FDA,4,-1,-1,inclisiran,PCSK9,
PA166283901,HCSC,3,-1,-1,inclisiran,APOB,
PA166283901,HCSC,3,-1,-1,inclisiran,LDLR,
PA166283901,HCSC,3,-1,-1,inclisiran,PCSK9,
PA166273581,EMA,3,-1,-1,inclisiran,APOB,
PA166273581,EMA,3,-1,-1,inclisiran,LDLR,
PA166273581,EMA,3,-1,-1,inclisiran,PCSK9,
PA166114482,EMA,1,1,-1,vemurafenib,BRAF,
PA166105195,FDA,3,-1,-1,metoclopramide,CYB5R1,
PA166105195,FDA,3,-1,-1,metoclopramide,CYB5R2,
PA166105195,FDA,3,-1,-1,metoclopramide,CYB5R3,
PA166105195,FDA,3,-1,-1,metoclopramide,CYB5R4,
PA166105195,FDA,3,-1,-1,metoclopramide,G6PD,
PA166159962,FDA,4,-1,-1,alirocumab,LDLR,
PA166105211,FDA,4,-1,-1,ondansetron,CYP2D6,
PA166182925,EMA,3,-1,-1,amifampridine phosphate,NAT2,
PA166182952,EMA,3,1,-1,irinotecan,UGT1A1,
PA166183181,EMA,3,1,-1,lesinurad,CYP2C9,CYP2C9*1; CYP2C9*3
PA166182786,FDA,3,1,-1,tolazamide,G6PD,
PA166182948,EMA,1,1,-1,encorafenib,BRAF,rs113488022
PA166184172,Swissmedic,3,-1,-1,Opium derivatives and expectorants,CYP2D6,
PA166182758,FDA,4,-1,-1,goserelin,ESR1,
PA166182758,FDA,4,-1,-1,goserelin,ESR2,
PA166182758,FDA,4,-1,-1,goserelin,PGR,
PA166184113,Swissmedic,3,-1,-1,bisoprolol fumarate / perindopril arginine,G6PD,
PA166184121,Swissmedic,3,1,-1,chloroquine,G6PD,
PA166184125,Swissmedic,3,1,1,clopidogrel,CYP2C19,CYP2C19*1; CYP2C19*2; CYP2C19*3; CYP2C19*4; CYP2C19*5; CYP2C19*6; CYP2C19*7; CYP2C19*8
PA166184129,Swissmedic,4,-1,-1,daclatasvir,IFNL3,
PA166184132,Swissmedic,3,-1,-1,dasabuvir,IFNL3,
PA166184443,Swissmedic,3,-1,-1,efavirenz,CYP2B6,CYP2B6*1; CYP2B6*6; rs3745274
PA166184446,Swissmedic,4,-1,-1,escitalopram,CYP2D6,
PA166184429,Swissmedic,2,1,1,ezetimibe / simvastatin,SLCO1B1,rs4149056
PA166184447,Swissmedic,3,-1,-1,fesoterodine,CYP2D6,
PA166184451,Swissmedic,3,-1,-1,fluorouracil,TYMS,rs45445694
PA166184455,Swissmedic,3,-1,-1,gefitinib,CYP2D6,
PA166184457,Swissmedic,3,-1,-1,gliclazide,G6PD,
PA166184374,Swissmedic,4,-1,-1,ibrutinib,CYP2D6,
PA166184502,Swissmedic,1,1,-1,lamivudine / abacavir,HLA-B,HLA-B*57:01
PA166184112,Swissmedic,3,1,1,azathioprine,NUDT15,
PA166184112,Swissmedic,3,1,1,azathioprine,TPMT,
PA166184427,Swissmedic,3,1,-1,ezetimibe / rosuvastatin,ABCG2,rs2231142; rs4149056
PA166184427,Swissmedic,3,1,-1,ezetimibe / rosuvastatin,SLCO1B1,rs2231142; rs4149056
PA166184383,Swissmedic,3,-1,-1,lapatinib,HLA-DQA1,HLA-DQA1*02:01; HLA-DRB1*07:01:01:01
PA166184383,Swissmedic,3,-1,-1,lapatinib,HLA-DRB1,HLA-DQA1*02:01; HLA-DRB1*07:01:01:01
PA166183789,Swissmedic,3,1,-1,metabutethamine,G6PD,
PA166184155,Swissmedic,3,1,-1,nitrofurantoin,G6PD,
PA166184160,Swissmedic,4,-1,-1,ondansetron,CYP2D6,
PA166184177,Swissmedic,3,-1,-1,oxycodone,CYP2D6,
PA166184220,Swissmedic,4,-1,-1,paliperidone,CYP2D6,
PA166184286,Swissmedic,3,-1,-1,perindopril,G6PD,
PA166184393,Swissmedic,3,-1,-1,pitavastatin,SLCO1B1,
PA166184396,Swissmedic,3,-1,-1,rabeprazole,CYP2C19,
PA166184421,Swissmedic,4,-1,-1,risperidone,CYP2D6,
PA166184500,Swissmedic,2,1,-1,simvastatin,SLCO1B1,rs4149056
PA166184389,Swissmedic,3,-1,-1,sulfadiazine,G6PD,
PA166184392,Swissmedic,3,-1,-1,tamoxifen,CYP2D6,
PA166184391,Swissmedic,3,-1,-1,sulfasalazine,G6PD,
PA166184425,Swissmedic,3,-1,-1,tolperisone,CYP2D6,
PA166184422,Swissmedic,1,1,-1,tetrabenazine,CYP2D6,
PA166184236,Swissmedic,4,-1,-1,umeclidinium / vilanterol,CYP2D6,
PA166184239,Swissmedic,3,-1,-1,vortioxetine,CYP2D6,
PA166184386,Swissmedic,4,-1,-1,letermovir,SLCO1B1,rs2306283; rs4148323; rs4149032; rs4149056; UGT1A1*28
PA166184386,Swissmedic,4,-1,-1,letermovir,UGT1A1,rs2306283; rs4148323; rs4149032; rs4149056; UGT1A1*28
PA166122971,FDA,3,-1,-1,darifenacin,CYP2D6,
PA166122592,FDA,4,-1,-1,simeprevir,IFNL3,rs12979860
PA166119823,EMA,1,1,-1,afatinib,EGFR,
PA166122967,EMA,3,-1,-1,fesoterodine,CYP2D6,
PA166122972,FDA,3,-1,-1,fesoterodine,CYP2D6,
PA166105148,FDA,3,1,-1,glipizide,G6PD,
PA166114931,FDA,1,1,-1,ponatinib,ABL1,rs121913459
PA166114931,FDA,1,1,-1,ponatinib,BCR,rs121913459
PA166230001,EMA,1,1,-1,avapritinib,PDGFRA,rs121908585
PA166114907,FDA,1,1,-1,bosutinib,ABL1,
PA166114907,FDA,1,1,-1,bosutinib,BCR,
PA166105117,FDA,3,-1,-1,efavirenz,CYP2B6,CYP2B6*6
PA166105147,FDA,3,1,-1,glimepiride,G6PD,
PA166122589,FDA,4,-1,-1,afutuzumab,MS4A1,
PA166114923,FDA,1,-1,-1,lomitapide,APOB,
PA166114923,FDA,1,-1,-1,lomitapide,LDLR,
PA166114923,FDA,1,-1,-1,lomitapide,PCSK9,
PA166114921,FDA,4,-1,-1,ibritumomab,MS4A1,
PA166105012,FDA,3,-1,-1,escitalopram,CYP2C19,
PA166105010,FDA,3,-1,-1,duloxetine,CYP2D6,
PA166105113,FDA,3,-1,-1,donepezil,CYP2D6,
PA166122947,EMA,3,-1,-1,ranolazine,CYP2D6,
PA166121326,EMA,3,-1,-1,pazopanib,HLA-B,HLA-B*57:01:01
PA166122966,EMA,3,-1,-1,darifenacin,CYP2D6,
PA166122067,EMA,1,1,-1,ponatinib,ABL1,
PA166122067,EMA,1,1,-1,ponatinib,BCR,
PA166122548,EMA,1,1,-1,velaglucerase alfa,GBA,
PA166105319,EMA,1,1,-1,panitumumab,KRAS,
PA166105319,EMA,1,1,-1,panitumumab,NRAS,
PA166121252,EMA,4,-1,-1,ofatumumab,MS4A1,
PA166122487,EMA,4,-1,-1,propranolol,CYP2D6,
PA166122547,EMA,1,1,-1,trastuzumab emtansine,ERBB2,
PA166104878,FDA,3,1,-1,methylene blue,G6PD,
PA166104844,EMA,1,1,-1,erlotinib,EGFR,
PA166104852,FDA,3,1,1,citalopram,CYP2C19,
PA166104838,FDA,2,1,1,thioguanine,NUDT15,
PA166104838,FDA,2,1,1,thioguanine,TPMT,
PA166115365,FDA,1,1,-1,trametinib,BRAF,rs113488022
PA166104858,FDA,1,1,-1,vemurafenib,BRAF,rs113488022
PA166104841,EMA,3,-1,-1,clopidogrel,CYP2C19,
PA166104867,FDA,3,-1,-1,telaprevir,IFNL3,rs12979860
PA166104886,FDA,2,-1,-1,dextromethorphan / quinidine,CYP2D6,
PA166127706,HCSC,3,-1,-1,rabeprazole,CYP2C19,
PA166127634,HCSC,4,-1,-1,atorvastatin,LDLR,
PA166115363,FDA,4,-1,-1,succimer,G6PD,
PA166104863,FDA,3,-1,-1,dexlansoprazole,CYP2C19,
PA166104856,FDA,3,-1,-1,amitriptyline,CYP2D6,
PA166104828,FDA,4,-1,-1,hydralazine / isosorbide dinitrate,NAT2,
PA166104848,FDA,3,-1,-1,rabeprazole,CYP2C19,
PA166104875,FDA,3,-1,-1,clomipramine,CYP2D6,
PA166117941,EMA,1,1,-1,bosutinib,ABL1,
PA166117941,EMA,1,1,-1,bosutinib,BCR,
PA166127641,HCSC,1,-1,-1,bosutinib,ABL1,
PA166127641,HCSC,1,-1,-1,bosutinib,BCR,
PA166127702,HCSC,3,-1,-1,primaquine,CYB5R1,
PA166127702,HCSC,3,-1,-1,primaquine,CYB5R2,
PA166127702,HCSC,3,-1,-1,primaquine,CYB5R3,
PA166127702,HCSC,3,-1,-1,primaquine,CYB5R4,
PA166127702,HCSC,3,-1,-1,primaquine,G6PD,
PA166104881,FDA,3,1,-1,glyburide,G6PD,
PA166104877,FDA,3,1,-1,mycophenolic acid,HPRT1,
PA166104831,FDA,3,1,1,irinotecan,UGT1A1,UGT1A1*28
PA166104799,FDA,3,1,-1,tramadol,CYP2D6,
PA166104793,FDA,4,1,-1,risperidone,CYP2D6,
PA166104920,FDA,1,1,-1,trastuzumab,ERBB2,
PA166104788,FDA,3,-1,-1,fluoxetine / olanzapine,CYP2D6,
PA166104866,FDA,4,-1,-1,pravastatin,APOE,
PA166104902,FDA,3,-1,-1,sulfadiazine,G6PD,
PA166114481,EMA,1,1,-1,trastuzumab,ERBB2,
PA166104837,FDA,3,1,-1,propafenone,CYP2D6,
PA166104857,FDA,3,-1,-1,trimipramine,CYP2D6,
PA166104847,FDA,3,-1,-1,venlafaxine,CYP2D6,
PA166104816,FDA,3,-1,-1,esomeprazole,CYP2C19,
PA166104783,FDA,4,-1,-1,rasburicase,CYB5R1,
PA166104783,FDA,4,-1,-1,rasburicase,CYB5R2,
PA166104783,FDA,4,-1,-1,rasburicase,CYB5R3,
PA166104783,FDA,4,-1,-1,rasburicase,CYB5R4,
PA166114944,FDA,4,-1,-1,regorafenib,EGFR,
PA166114944,FDA,4,-1,-1,regorafenib,KRAS,
PA166114944,FDA,4,-1,-1,regorafenib,VEGFA,
PA166127633,HCSC,3,-1,-1,atomoxetine,CYP2D6,
PA166127707,HCSC,2,-1,-1,rasburicase,G6PD,
PA166159707,HCSC,4,-1,-1,atazanavir,CYP2C19,
PA166182931,EMA,1,1,-1,brigatinib,ALK,
PA166170932,FDA,4,-1,-1,pembrolizumab,BRAF,rs113488022
PA166121327,EMA,1,-1,-1,pegloticase,G6PD,
PA166105315,EMA,4,-1,-1,nelfinavir,CYP3A4,
PA166114905,FDA,4,-1,-1,belimumab,TNFSF13B,
PA166114378,EMA,3,-1,-1,telaprevir,IFNL3,
PA166114913,FDA,3,-1,-1,dabrafenib,G6PD,
PA166115435,EMA,4,-1,-1,timolol,CYP2D6,
PA166122066,EMA,1,1,-1,pertuzumab,ERBB2,
PA166122907,EMA,2,-1,-1,vandetanib,RET,
PA166105059,FDA,4,-1,-1,ofatumumab,MS4A1,
PA166105070,FDA,1,1,-1,anastrozole,ESR1,
PA166105070,FDA,1,1,-1,anastrozole,ESR2,
PA166105070,FDA,1,1,-1,anastrozole,PGR,
PA166119826,EMA,1,1,-1,dabrafenib,BRAF,
PA166114941,FDA,4,-1,-1,pravastatin,LDLR,
PA166121250,EMA,1,-1,-1,lomitapide,APOB,
PA166121250,EMA,1,-1,-1,lomitapide,LDLR,
PA166121250,EMA,1,-1,-1,lomitapide,PCSK9,
PA166114317,FDA,1,1,-1,sodium phenylbutyrate,ASS1,
PA166114317,FDA,1,1,-1,sodium phenylbutyrate,CPS1,
PA166114317,FDA,1,1,-1,sodium phenylbutyrate,OTC,
PA166122826,EMA,4,-1,-1,voriconazole,CYP2C19,
PA166122826,EMA,4,-1,-1,voriconazole,CYP2C9,
PA166122826,EMA,4,-1,-1,voriconazole,CYP3A4,
PA166120286,EMA,4,1,-1,esomeprazole,CYP2C19,
PA166127635,HCSC,3,-1,-1,azathioprine,TPMT,
PA166127640,HCSC,4,-1,-1,boceprevir,IFNL3,
PA166127644,HCSC,3,-1,-1,capecitabine,DPYD,
PA166127646,HCSC,3,-1,-1,carvedilol,CYP2D6,
PA166127647,HCSC,3,-1,-1,celecoxib,CYP2C9,
PA166127649,HCSC,3,-1,-1,chlorpropamide,G6PD,
PA166127650,HCSC,3,-1,-1,citalopram,CYP2C19,
PA166127700,HCSC,1,-1,-1,pertuzumab,ERBB2,
PA166127701,HCSC,2,-1,-1,phenytoin,HLA-B,
PA166127704,HCSC,3,-1,-1,propafenone,CYP2D6,
PA166127705,HCSC,3,-1,-1,quinine,G6PD,
PA166105321,EMA,4,-1,-1,prasugrel,CYP2B6,
PA166105321,EMA,4,-1,-1,prasugrel,CYP2C19,
PA166105321,EMA,4,-1,-1,prasugrel,CYP2C9,
PA166105321,EMA,4,-1,-1,prasugrel,CYP3A5,
PA166127708,HCSC,4,-1,-1,risperidone,CYP2D6,
PA166127709,HCSC,3,-1,-1,rosuvastatin,LDLR,
PA166122546,EMA,4,-1,-1,rituximab,MS4A1,
PA166104794,FDA,4,-1,-1,sodium benzoate / sodium phenylacetate,ARG1,
PA166104794,FDA,4,-1,-1,sodium benzoate / sodium phenylacetate,ASL,
PA166104794,FDA,4,-1,-1,sodium benzoate / sodium phenylacetate,ASS1,
PA166104794,FDA,4,-1,-1,sodium benzoate / sodium phenylacetate,CPS1,
PA166104794,FDA,4,-1,-1,sodium benzoate / sodium phenylacetate,NAGS,
PA166104794,FDA,4,-1,-1,sodium benzoate / sodium phenylacetate,OTC,
PA166104778,FDA,4,-1,-1,brentuximab vedotin,ALK,
PA166104782,FDA,2,1,-1,azathioprine,NUDT15,
PA166104782,FDA,2,1,-1,azathioprine,TPMT,
PA166104795,FDA,3,1,-1,busulfan,ABL1,
PA166104795,FDA,3,1,-1,busulfan,BCR,
PA166104780,FDA,1,1,-1,carbamazepine,HLA-B,
PA166104786,FDA,3,1,-1,chloroquine,G6PD,
PA166104777,FDA,3,1,-1,clopidogrel,CYP2C19,
PA166104785,FDA,1,1,-1,erlotinib,EGFR,rs121434568
PA166104775,FDA,4,-1,-1,atorvastatin,LDLR,
PA166104779,EMA,4,-1,-1,indacaterol,ADRB2,
PA166104789,FDA,1,1,-1,gefitinib,EGFR,rs121434568
PA166104796,FDA,1,1,-1,trastuzumab emtansine,ERBB2,
PA166104781,FDA,1,1,-1,dasatinib,ABL1,
PA166104781,FDA,1,1,-1,dasatinib,BCR,
PA166104784,FDA,3,-1,-1,diazepam,CYP2C19,
PA166105023,FDA,3,-1,-1,rosuvastatin,SLCO1B1,rs4149056
PA166104790,FDA,1,1,-1,imatinib,ABL1,
PA166104790,FDA,1,1,-1,imatinib,BCR,
PA166104790,FDA,1,1,-1,imatinib,FIP1L1,
PA166104790,FDA,1,1,-1,imatinib,KIT,
PA166104790,FDA,1,1,-1,imatinib,PDGFRA,
PA166104790,FDA,1,1,-1,imatinib,PDGFRB,
PA166104791,FDA,1,1,-1,lapatinib,ERBB2,
PA166104791,FDA,1,1,-1,lapatinib,ESR1,
PA166104791,FDA,1,1,-1,lapatinib,ESR2,
PA166104791,FDA,1,1,-1,lapatinib,PGR,
PA166104792,FDA,1,1,-1,fulvestrant,ESR1,
PA166104792,FDA,1,1,-1,fulvestrant,ESR2,
PA166104792,FDA,1,1,-1,fulvestrant,PGR,
PA166104800,FDA,4,-1,-1,indacaterol,UGT1A1,
PA166104803,FDA,4,-1,-1,maraviroc,CCR5,
PA166104827,FDA,3,1,1,atomoxetine,CYP2D6,
PA166104843,FDA,3,1,1,celecoxib,CYP2C9,CYP2C9*3
PA166104811,FDA,4,-1,-1,quinidine,CYP2D6,
PA166104814,FDA,4,-1,-1,drospirenone / ethinyl estradiol,CYP2C19,
PA166104833,FDA,1,1,-1,abacavir,HLA-B,HLA-B*57:01:01
PA166114903,FDA,1,1,-1,afatinib,EGFR,rs121434568
PA166104869,FDA,4,1,-1,galantamine,CYP2D6,
PA166104822,FDA,4,-1,-1,terbinafine,CYP2D6,
PA166104839,FDA,3,1,1,aripiprazole,CYP2D6,
PA166104830,FDA,4,-1,-1,tiotropium,CYP2D6,
PA166104835,FDA,4,-1,-1,fluoxetine,CYP2D6,
PA166104884,FDA,3,1,1,clobazam,CYP2C19,
PA166114908,FDA,1,1,-1,carglumic acid,NAGS,
PA166104880,FDA,4,1,-1,nefazodone,CYP2D6,
PA166104832,FDA,3,1,-1,carisoprodol,CYP2C19,
PA166104851,FDA,4,-1,-1,ticagrelor,CYP2C19,
PA166104853,FDA,4,-1,-1,cisplatin,TPMT,
PA166104855,FDA,4,-1,-1,boceprevir,IFNL3,rs12979860
PA166104887,FDA,3,1,1,iloperidone,CYP2D6,
PA166104868,FDA,3,-1,-1,modafinil,CYP2D6,
PA166104872,EMA,3,-1,-1,boceprevir,IFNL3,
PA166104815,FDA,3,1,-1,clozapine,CYP2D6,
PA166104885,FDA,3,-1,-1,norfloxacin,G6PD,
PA166123048,EMA,4,-1,-1,cabazitaxel,CYP3A4,
PA166104829,FDA,1,1,1,tetrabenazine,CYP2D6,
PA166104883,FDA,1,1,-1,denileukin diftitox,IL2RA,
PA166104889,FDA,1,1,-1,pertuzumab,ERBB2,
PA166104890,FDA,1,1,-1,ivacaftor,CFTR,rs113993958; rs115545701; rs11971167; rs121908752; rs121908753; rs121908755; rs121908757; rs121909013; rs121909020; rs121909041; rs141033578; rs150212784; rs186045772; rs193922525; rs200321110; rs202179988; rs267606723; rs368505753; rs397508256; rs397508288; rs397508387; rs397508442; rs397508513; rs397508537; rs397508761; rs74503330; rs74551128; rs75039782; rs75527207; rs75541969; rs76151804; rs77834169; rs77932196; rs78655421; rs78769542; rs80224560; rs80282562
PA166104891,FDA,3,1,-1,nalidixic acid,G6PD,
PA166104805,FDA,3,1,-1,thioridazine,CYP2D6,
PA166104870,FDA,1,1,1,pimozide,CYP2D6,
PA166104801,FDA,3,-1,-1,peginterferon alfa-2b,IFNL3,rs12979860
PA166104802,FDA,2,1,-1,capecitabine,DPYD,
PA166104862,FDA,3,-1,-1,desipramine,CYP2D6,
PA166104876,FDA,1,1,-1,primaquine,G6PD,
PA166104879,FDA,3,-1,-1,imipramine,CYP2D6,
PA166104813,FDA,3,-1,-1,carvedilol,CYP2D6,
PA166104825,FDA,3,1,-1,valproic acid,OTC,
PA166104850,FDA,4,-1,-1,isoniazid / pyrazinamide / rifampin,NAT2,
PA166104806,FDA,3,-1,-1,tolterodine,CYP2D6,
PA166104854,FDA,3,-1,-1,fluvoxamine,CYP2D6,
PA166104888,FDA,3,-1,-1,nortriptyline,CYP2D6,
PA166104864,FDA,4,-1,-1,paroxetine,CYP2D6,
PA166104798,FDA,4,-1,-1,propranolol,CYP2D6,
PA166104812,FDA,3,-1,-1,protriptyline,CYP2D6,
PA166104836,FDA,4,-1,-1,metoprolol,CYP2D6,
PA166104808,FDA,4,-1,-1,nelfinavir,CYP2C19,
PA166104808,FDA,4,-1,-1,nelfinavir,CYP3A,
PA166104905,EMA,2,1,-1,capecitabine,DPYD,"DPYD c.1129-5923C>G, c.1236G>A (HapB3); DPYD c.1679T>G (*13); DPYD c.1905+1G>A (*2A); DPYD c.2846A>T"
PA166104916,FDA,3,1,-1,codeine,CYP2D6,
PA166104896,EMA,1,1,-1,abacavir,HLA-B,HLA-B*57:01:01
PA166104894,EMA,3,1,-1,rasburicase,G6PD,
PA166104895,FDA,3,-1,-1,erythromycin ethylsuccinate / sulfisoxazole acetyl,G6PD,
PA166104898,FDA,4,-1,-1,lansoprazole,CYP2C19,
PA166104899,EMA,3,1,1,aripiprazole,CYP2D6,
PA166104903,FDA,3,-1,-1,nitrofurantoin,G6PD,
PA166104904,EMA,1,1,-1,brentuximab vedotin,TNFRSF8,
PA166104906,FDA,3,-1,-1,probenecid,G6PD,
PA166104897,FDA,3,1,-1,moviprep,G6PD,
PA166104922,FDA,3,1,1,flurbiprofen,CYP2C9,
PA166104900,FDA,1,1,-1,pegloticase,G6PD,
PA166104901,FDA,3,1,-1,pantoprazole,CYP2C19,
PA166104928,EMA,1,1,-1,ivacaftor,CFTR,
PA166104930,EMA,1,1,-1,gefitinib,EGFR,
PA166104893,FDA,3,-1,-1,perphenazine,CYP2D6,
PA166104921,FDA,3,-1,-1,omeprazole,CYP2C19,
PA166104908,EMA,1,1,-1,cetuximab,EGFR,
PA166104908,EMA,1,1,-1,cetuximab,KRAS,
PA166104908,EMA,1,1,-1,cetuximab,NRAS,
PA166114928,FDA,4,-1,-1,mipomersen,LDLR,
PA166104923,FDA,1,1,-1,exemestane,ESR1,
PA166104923,FDA,1,1,-1,exemestane,ESR2,
PA166104923,FDA,1,1,-1,exemestane,PGR,
PA166182768,FDA,1,1,-1,gilteritinib,FLT3,
PA166179887,FDA,4,-1,-1,raltegravir,UGT1A1,UGT1A1*28
PA166119824,EMA,4,-1,-1,belimumab,TNFSF13B,
PA166119827,EMA,3,1,-1,dextromethorphan / quinidine,CYP2D6,
PA166122970,FDA,3,1,-1,succinylcholine,BCHE,
PA166122970,FDA,3,1,-1,succinylcholine,CACNA1S,
PA166122970,FDA,3,1,-1,succinylcholine,RYR1,
PA166122488,EMA,3,-1,-1,regorafenib,KRAS,
PA166114382,EMA,3,-1,-1,ticagrelor,CYP2C19,
PA166114926,FDA,3,-1,-1,mafenide,G6PD,
PA166114930,FDA,4,-1,-1,homoharringtonine,ABL1,
PA166114930,FDA,4,-1,-1,homoharringtonine,BCR,
PA166119825,EMA,1,1,-1,carglumic acid,NAGS,
PA166105240,FDA,4,-1,-1,rituximab,MS4A1,
PA166105058,FDA,3,-1,-1,pazopanib,HLA-B,HLA-B*57:01:01; UGT1A1*28
PA166105058,FDA,3,-1,-1,pazopanib,UGT1A1,HLA-B*57:01:01; UGT1A1*28
PA166121246,EMA,4,-1,-1,ibritumomab,MS4A1,
PA166121251,EMA,3,1,-1,mercaptopurine,NUDT15,rs116855232
PA166121251,EMA,3,1,-1,mercaptopurine,TPMT,rs116855232
PA166122594,FDA,4,-1,-1,sofosbuvir,IFNL3,rs12979860
PA166151881,FDA,1,1,-1,rasburicase,G6PD,
PA166160289,HCSC,3,-1,-1,brivaracetam,CYP2C19,
PA166185194,FDA,4,-1,-1,raloxifene,ESR1,
PA166185194,FDA,4,-1,-1,raloxifene,ESR2,
PA166151882,FDA,3,-1,-1,carbamazepine,HLA-A,
PA166159064,FDA,1,1,-1,elosulfase alfa,GALNS,
PA166159938,HCSC,4,-1,-1,belimumab,TNFSF13B,
PA166160288,HCSC,4,-1,-1,brentuximab vedotin,TNFRSF8,
PA166151878,FDA,3,-1,-1,lapatinib,HLA-DQA1,HLA-DQA1*02:01; HLA-DRB1*07:01:01:01
PA166151878,FDA,3,-1,-1,lapatinib,HLA-DRB1,HLA-DQA1*02:01; HLA-DRB1*07:01:01:01
PA166183246,EMA,1,1,-1,osimertinib,EGFR,
PA166182744,FDA,1,1,-1,lorlatinib,ALK,
PA166182749,FDA,3,-1,-1,lusutrombopag,F2,
PA166182749,FDA,3,-1,-1,lusutrombopag,F5,
PA166182749,FDA,3,-1,-1,lusutrombopag,PROC,
PA166182749,FDA,3,-1,-1,lusutrombopag,PROS1,
PA166182749,FDA,3,-1,-1,lusutrombopag,SERPINC1,
PA166182727,FDA,1,1,-1,ivosidenib,IDH1,
PA166182751,FDA,3,1,-1,mepivacaine,CYB5R3,
PA166182751,FDA,3,1,-1,mepivacaine,G6PD,
PA166182765,FDA,3,-1,-1,flutamide,G6PD,
PA166182747,FDA,4,-1,-1,lorlatinib,ROS1,
PA166182730,FDA,4,-1,-1,amphetamine,CYP2D6,
PA166182724,FDA,4,-1,-1,ixabepilone,ERBB2,
PA166182724,FDA,4,-1,-1,ixabepilone,ESR1,
PA166182724,FDA,4,-1,-1,ixabepilone,ESR2,
PA166182724,FDA,4,-1,-1,ixabepilone,PGR,
PA166181925,FDA,3,-1,-1,tamoxifen,CYP2D6,
PA166182940,EMA,1,1,-1,cholic acid,AKR1D1,
PA166182940,EMA,1,1,-1,cholic acid,AMACR,
PA166182940,EMA,1,1,-1,cholic acid,CYP27A1,
PA166182940,EMA,1,1,-1,cholic acid,CYP7A1,
PA166182940,EMA,1,1,-1,cholic acid,HSD3B7,
PA166182787,FDA,3,1,-1,tolbutamide,G6PD,
PA166182726,FDA,4,-1,-1,rivaroxaban,F5,
PA166182725,FDA,4,-1,-1,eribulin,ERBB2,
PA166182725,FDA,4,-1,-1,eribulin,ESR1,
PA166182725,FDA,4,-1,-1,eribulin,ESR2,
PA166182725,FDA,4,-1,-1,eribulin,PGR,
PA166182750,FDA,1,1,-1,toremifene,ESR1,
PA166182750,FDA,1,1,-1,toremifene,ESR2,
PA166160121,FDA,4,-1,-1,nivolumab,BRAF,rs113488022
PA166160121,FDA,4,-1,-1,nivolumab,ERBB2,rs113488022
PA166160021,FDA,4,-1,-1,cabozantinib,RET,
PA166178750,FDA,3,1,1,metoclopramide,CYP2D6,
PA166170958,FDA,1,1,-1,valproic acid,POLG,
PA166170957,FDA,4,-1,-1,vemurafenib,HRAS,
PA166170957,FDA,4,-1,-1,vemurafenib,KRAS,
PA166170957,FDA,4,-1,-1,vemurafenib,NRAS,
PA166182734,FDA,1,1,-1,larotrectinib sulfate,NTRK1,
PA166182734,FDA,1,1,-1,larotrectinib sulfate,NTRK2,
PA166182734,FDA,1,1,-1,larotrectinib sulfate,NTRK3,
PA166182737,FDA,3,1,-1,lidocaine and tetracaine,CYB5R3,
PA166182737,FDA,3,1,-1,lidocaine and tetracaine,G6PD,
PA166160061,FDA,4,-1,-1,dinutuximab,MYCN,
PA166160052,FDA,4,-1,-1,palonosetron,CYP2D6,
PA166129553,FDA,3,1,1,belinostat,UGT1A1,
PA166182941,EMA,1,1,-1,cobimetinib,BRAF,
PA166182943,EMA,3,-1,-1,dolutegravir,UGT1A1,
PA166182944,EMA,3,-1,-1,duloxetine,CYP2D6,
PA166182762,FDA,3,-1,-1,elagolix,SLCO1B1,rs4149056
PA166160133,FDA,1,1,-1,palbociclib,ERBB2,
PA166160133,FDA,1,1,-1,palbociclib,ESR1,
PA166160133,FDA,1,1,-1,palbociclib,ESR2,
PA166183424,EMA,4,-1,-1,rucaparib,CYP1A2,
PA166183424,EMA,4,-1,-1,rucaparib,CYP2D6,
PA166129528,HCSC,3,-1,-1,sodium nitrite,G6PD,
PA166182729,FDA,3,-1,-1,amoxapine,CYP2D6,
PA166183621,Swissmedic,4,-1,-1,mefloquine,G6PD,
PA166183593,Swissmedic,3,-1,-1,acenocoumarol,CYP2C9,CYP2C9*2; CYP2C9*3
PA166160051,FDA,1,1,-1,alectinib,ALK,
PA166182742,FDA,1,1,-1,talazoparib,BRCA1,
PA166182742,FDA,1,1,-1,talazoparib,BRCA2,
PA166182752,FDA,1,1,-1,talazoparib,ERBB2,
PA166182755,FDA,1,1,-1,vincristine,ABL1,
PA166182755,FDA,1,1,-1,vincristine,BCR,
PA166151974,HCSC,3,-1,-1,nilotinib,UGT1A1,
PA166160049,FDA,4,-1,-1,lacosamide,CYP2C19,
PA166184238,Swissmedic,3,-1,-1,voriconazole,CYP2C19,
PA166160010,FDA,3,-1,-1,dolutegravir,UGT1A1,
PA166184404,Swissmedic,3,-1,-1,tamsulosin,CYP2D6,
PA166184404,Swissmedic,3,-1,-1,tamsulosin,CYP3A4,
PA166182728,FDA,3,-1,-1,ropivacaine,CYB5R3,
PA166182728,FDA,3,-1,-1,ropivacaine,G6PD,
PA166183590,Swissmedic,3,-1,-1,maraviroc,CYP3A5,CYP3A5*1
PA166163435,FDA,4,-1,-1,olaratumab,PDGFRA,
PA166163439,FDA,4,-1,-1,elbasvir / grazoprevir,IFNL3,
PA166169920,FDA,4,-1,-1,niraparib,BRCA1,
PA166169920,FDA,4,-1,-1,niraparib,BRCA2,
PA166182949,EMA,3,-1,-1,erlotinib,UGT1A1,
PA166183219,EMA,4,1,-1,mirabegron,CYP2D6,
PA166177479,FDA,4,-1,-1,cariprazine,CYP2D6,
PA166183442,EMA,2,-1,-1,vandetanib,RET,
PA166183441,EMA,4,-1,-1,umeclidinium,CYP2D6,
PA166183563,Swissmedic,1,1,-1,abacavir,HLA-B,HLA-B*57:01:01
PA166177514,FDA,3,-1,-1,mirabegron,CYP2D6,
PA166183243,EMA,1,1,-1,olaparib,BRCA1,
PA166183243,EMA,1,1,-1,olaparib,BRCA2,
PA166183243,EMA,1,1,-1,olaparib,ERBB2,
PA166163431,FDA,4,-1,-1,isosorbide mononitrate,CYB5R1,
PA166163431,FDA,4,-1,-1,isosorbide mononitrate,CYB5R2,
PA166163431,FDA,4,-1,-1,isosorbide mononitrate,CYB5R3,
PA166163431,FDA,4,-1,-1,isosorbide mononitrate,CYB5R4,
PA166177509,FDA,4,-1,-1,formoterol,CYP2C19,
PA166177509,FDA,4,-1,-1,formoterol,CYP2D6,
PA166183423,EMA,1,1,-1,rucaparib,BRCA1,
PA166183423,EMA,1,1,-1,rucaparib,BRCA2,
PA166170929,FDA,3,1,-1,gefitinib,CYP2D6,
PA166160672,FDA,3,1,-1,tamsulosin,CYP2D6,
PA166182766,FDA,3,1,-1,fosphenytoin,CYP2C19,CYP2C9*2; CYP2C9*3; HLA-B*15:02:01
PA166182766,FDA,3,1,-1,fosphenytoin,CYP2C9,CYP2C9*2; CYP2C9*3; HLA-B*15:02:01
PA166182766,FDA,3,1,-1,fosphenytoin,HLA-B,CYP2C9*2; CYP2C9*3; HLA-B*15:02:01
PA166170937,FDA,4,-1,-1,trametinib,G6PD,
PA166182928,EMA,1,1,-1,binimetinib,BRAF,rs113488022
PA166182932,EMA,3,-1,-1,brivaracetam,CYP2C19,
PA166182934,EMA,1,1,-1,cerliponase alfa,TPP1,
PA166182942,EMA,1,1,-1,dacomitinib,EGFR,
PA166182953,EMA,1,1,-1,ivacaftor / lumacaftor,CFTR,
PA166182954,EMA,1,1,-1,ivacaftor / tezacaftor,CFTR,
PA166161536,PMDA,3,-1,-1,atazanavir,CYP2C19,
PA166184917,FDA,4,-1,-1,avatrombopag,CYP2C9,
PA166160668,PMDA,4,-1,-1,allopurinol,HLA-B,HLA-B*58:01
PA166170934,FDA,3,-1,-1,primaquine,CYB5R1,
PA166170934,FDA,3,-1,-1,primaquine,CYB5R2,
PA166170934,FDA,3,-1,-1,primaquine,CYB5R3,
PA166170934,FDA,3,-1,-1,primaquine,CYB5R4,
PA166159963,FDA,4,-1,-1,blinatumomab,ABL1,
PA166159963,FDA,4,-1,-1,blinatumomab,BCR,
PA166159963,FDA,4,-1,-1,blinatumomab,CD19,
PA166182739,FDA,1,1,-1,tafenoquine,G6PD,
PA166182757,FDA,4,-1,-1,inotersen,TTR,
PA166183184,EMA,1,1,-1,lorlatinib,ALK,
PA166183200,EMA,1,1,-1,midostaurin,FLT3,
PA166182890,FDA,4,-1,-1,olaparib,ESR1,
PA166182890,FDA,4,-1,-1,olaparib,ESR2,
PA166182890,FDA,4,-1,-1,olaparib,PGR,
PA166182890,FDA,4,-1,-1,olaparib,PPP2R2A,
PA166160009,FDA,1,1,-1,pembrolizumab,ALK,
PA166160009,FDA,1,1,-1,pembrolizumab,CD274,
PA166160009,FDA,1,1,-1,pembrolizumab,EGFR,
PA166160009,FDA,1,1,-1,pembrolizumab,ERBB2,
PA166160007,FDA,3,1,-1,lesinurad,CYP2C9,
PA166160005,FDA,4,-1,-1,dasabuvir / ombitasvir / paritaprevir / ritonavir,IFNL3,
PA166177516,FDA,1,1,-1,neratinib,ERBB2,
PA166177518,FDA,4,-1,-1,sofosbuvir / velpatasvir / voxilaprevir,IFNL3,
PA166159586,HCSC,4,-1,-1,aliskiren,ABCB1,
PA166177512,FDA,4,-1,-1,inotuzumab ozogamicin,ABL1,
PA166177512,FDA,4,-1,-1,inotuzumab ozogamicin,BCR,
PA166183784,Swissmedic,3,-1,-1,amifampridine phosphate,NAT2,
PA166182719,FDA,4,-1,-1,ipilimumab,HLA-A,HLA-A*02:01
PA166183782,Swissmedic,3,-1,-1,aspirin,G6PD,
PA166184636,FDA,4,-1,-1,tipiracil / trifluridine,ERBB2,
PA166184636,FDA,4,-1,-1,tipiracil / trifluridine,KRAS,
PA166184232,Swissmedic,3,-1,-1,venlafaxine,CYP2D6,
PA166182769,FDA,3,1,-1,hydroxychloroquine,G6PD,
PA166185180,FDA,4,-1,-1,nusinersen,SMN2,
PA166159584,HCSC,4,-1,-1,afutuzumab,MS4A1,
PA166182788,HCSC,3,-1,-1,tolbutamide,G6PD,
PA166169918,FDA,1,1,-1,midostaurin,FLT3,
PA166185151,FDA,3,1,1,amifampridine,NAT2,
PA166183249,EMA,1,1,-1,pembrolizumab,ALK,
PA166183249,EMA,1,1,-1,pembrolizumab,CD274,
PA166183249,EMA,1,1,-1,pembrolizumab,EGFR,
PA166183249,EMA,1,1,-1,pembrolizumab,ERBB2,
PA166170939,FDA,3,-1,-1,trastuzumab,ESR1,
PA166170939,FDA,3,-1,-1,trastuzumab,ESR2,
PA166170939,FDA,3,-1,-1,trastuzumab,PGR,
PA166182764,FDA,4,-1,-1,emapalumab,PRF1,
PA166182764,FDA,4,-1,-1,emapalumab,RAB27A,
PA166182764,FDA,4,-1,-1,emapalumab,SH2D1A,
PA166182764,FDA,4,-1,-1,emapalumab,STX11,
PA166182764,FDA,4,-1,-1,emapalumab,STXBP2,
PA166182764,FDA,4,-1,-1,emapalumab,UNC13D,
PA166182764,FDA,4,-1,-1,emapalumab,XIAP,
PA166170930,FDA,4,-1,-1,dabrafenib,HRAS,
PA166170930,FDA,4,-1,-1,dabrafenib,KRAS,
PA166170930,FDA,4,-1,-1,dabrafenib,NRAS,
PA166169877,FDA,1,1,-1,avelumab,CD274,
PA166169880,FDA,1,1,-1,cerliponase alfa,TPP1,
PA166177521,FDA,4,-1,-1,umeclidinium,CYP2D6,
PA166183248,EMA,4,-1,-1,palonosetron,CYP2D6,
PA166183251,EMA,4,1,-1,raltegravir,UGT1A1,
PA166163417,FDA,4,-1,-1,sofosbuvir / velpatasvir,IFNL3,rs12979860
PA166183247,EMA,1,1,-1,palbociclib,ERBB2,
PA166183247,EMA,1,1,-1,palbociclib,ESR1,
PA166183247,EMA,1,1,-1,palbociclib,ESR2,
PA166183247,EMA,1,1,-1,palbociclib,PGR,
PA166183783,Swissmedic,3,1,-1,allopurinol,HLA-B,HLA-B*58:01
PA166184754,FDA,4,1,-1,procainamide,NAT2,
PA166163433,FDA,1,1,-1,eteplirsen,DMD,
PA166184524,FDA,1,1,-1,alpelisib,ERBB2,
PA166184524,FDA,1,1,-1,alpelisib,ESR1,
PA166184524,FDA,1,1,-1,alpelisib,ESR2,
PA166184524,FDA,1,1,-1,alpelisib,PIK3CA,
PA166183209,EMA,1,1,-1,migalastat,GLA,
PA166184565,FDA,4,-1,-1,tafamidis,TTR,
PA166184539,FDA,4,-1,-1,paliperidone,CYP2D6,
PA166184561,FDA,4,-1,-1,ramucirumab,KRAS,
PA166183172,EMA,3,-1,-1,lapatinib,HLA-DQA1,HLA-DQA1*02:01; HLA-DRB1*07:01:01:01
PA166183172,EMA,3,-1,-1,lapatinib,HLA-DRB1,HLA-DQA1*02:01; HLA-DRB1*07:01:01:01
PA166183220,EMA,1,1,-1,neratinib,ERBB2,
PA166183220,EMA,1,1,-1,neratinib,ESR1,
PA166183220,EMA,1,1,-1,neratinib,ESR2,
PA166183220,EMA,1,1,-1,neratinib,PGR,
PA166182722,FDA,3,1,-1,erdafitinib,CYP2C9,CYP2C9*3
PA166182886,FDA,1,1,-1,migalastat,GLA,
PA166163412,FDA,4,-1,-1,ombitasvir / paritaprevir / ritonavir,IFNL3,
PA166163414,FDA,4,-1,-1,ustekinumab,IL12A,
PA166163414,FDA,4,-1,-1,ustekinumab,IL12B,
PA166163414,FDA,4,-1,-1,ustekinumab,IL23A,
PA166177486,FDA,1,1,-1,enasidenib,IDH2,
PA166177483,FDA,4,-1,-1,desvenlafaxine,CYP2D6,
PA166170933,FDA,3,-1,-1,pertuzumab,ESR1,
PA166170933,FDA,3,-1,-1,pertuzumab,ESR2,
PA166170933,FDA,3,-1,-1,pertuzumab,PGR,
PA166160153,PMDA,3,-1,-1,celecoxib,CYP2C9,
PA166160226,PMDA,3,-1,-1,codeine,CYP2D6,
PA166160683,PMDA,3,-1,-1,dapsone,G6PD,
PA166160162,PMDA,3,-1,-1,efavirenz,CYP2B6,
PA166160712,PMDA,3,-1,-1,fesoterodine,CYP2D6,
PA166160717,PMDA,3,-1,-1,letrozole,CYP2A6,
PA166160719,PMDA,3,-1,-1,nalidixic acid,G6PD,
PA166160845,PMDA,3,-1,-1,perphenazine,CYP2D6,
PA166160846,PMDA,3,-1,-1,rabeprazole,CYP2C19,
PA166160847,PMDA,3,-1,-1,sulfadiazine,G6PD,
PA166160848,PMDA,3,-1,-1,sulfamethoxazole / trimethoprim,G6PD,
PA166160849,PMDA,3,-1,-1,sulfasalazine,G6PD,
PA166160850,PMDA,3,-1,-1,tetrabenazine,CYP2D6,
PA166160854,PMDA,3,-1,-1,moviprep,G6PD,
PA166160856,PMDA,3,-1,-1,voriconazole,CYP2C19,
PA166160709,PMDA,1,-1,-1,eliglustat,CYP2D6,
PA166160710,PMDA,1,-1,-1,erlotinib,EGFR,
PA166160851,PMDA,1,-1,-1,vemurafenib,BRAF,
PA166161087,PMDA,4,-1,-1,isoniazid,NAT2,
PA166160720,PMDA,4,-1,-1,omeprazole,CYP2C19,
PA166160669,PMDA,3,-1,-1,escitalopram,CYP2C19,
PA166160669,PMDA,3,-1,-1,escitalopram,CYP2D6,
PA166179871,FDA,4,-1,-1,binimetinib,UGT1A1,
PA166179870,FDA,1,1,-1,binimetinib,BRAF,rs113488022
PA166152939,FDA,1,1,-1,ivacaftor / lumacaftor,CFTR,rs113993960
PA166179848,FDA,3,1,-1,lofexidine,CYP2D6,
PA166179847,FDA,1,1,-1,ivacaftor / tezacaftor,CFTR,rs113993958; rs113993960; rs115545701; rs11971167; rs121908752; rs121908753; rs121909020; rs141033578; rs150212784; rs186045772; rs202179988; rs368505753; rs397508256; rs397508288; rs397508387; rs397508442; rs397508513; rs397508537; rs397508759; rs397508761; rs74551128; rs75039782; rs75541969; rs76151804; rs77834169; rs77932196
PA166151853,FDA,3,-1,-1,nilotinib,UGT1A1,
PA166183881,Swissmedic,3,-1,-1,mivacurium,BCHE,
PA166182929,EMA,4,-1,-1,binimetinib,UGT1A1,
PA166182947,EMA,1,1,-1,elosulfase alfa,GALNS,
PA166184127,Swissmedic,1,1,-1,acetaminophen / codeine,CYP2D6,
PA166184128,Swissmedic,3,-1,-1,acetaminophen / codeine,G6PD,
PA166184109,Swissmedic,3,-1,-1,aripiprazole,CYP2D6,
PA166184115,Swissmedic,2,1,-1,carbamazepine,HLA-A,HLA-A*31:01:02
PA166184118,Swissmedic,4,-1,-1,carvedilol,CYP2D6,
PA166184119,Swissmedic,3,-1,-1,celecoxib,CYP2C9,CYP2C9*1; CYP2C9*3
PA166184130,Swissmedic,3,1,1,dapoxetine,CYP2D6,
PA166184131,Swissmedic,3,-1,-1,darifenacin,CYP2D6,
PA166184444,Swissmedic,4,-1,-1,eletriptan,CYP2D6,
PA166184445,Swissmedic,3,1,1,escitalopram,CYP2C19,
PA166184448,Swissmedic,3,-1,-1,flucloxacillin,HLA-B,HLA-B*57:01
PA166184108,Swissmedic,2,-1,-1,fluorouracil / salicylic acid,DPYD,
PA166184453,Swissmedic,3,-1,-1,fluvoxamine,CYP2D6,
PA166184454,Swissmedic,3,-1,-1,galantamine,CYP2D6,
PA166184458,Swissmedic,3,-1,-1,glimepiride,G6PD,
PA166184377,Swissmedic,4,-1,-1,indacaterol,UGT1A1,UGT1A1*28
PA166184378,Swissmedic,3,1,1,irinotecan,UGT1A1,UGT1A1*28
PA166184382,Swissmedic,3,-1,-1,lansoprazole,CYP2C19,
PA166184385,Swissmedic,4,-1,-1,lesinurad,CYP2C9,CYP2C9*1; CYP2C9*3
PA166183790,Swissmedic,3,-1,-1,metoprolol,CYP2D6,
PA166183810,Swissmedic,4,-1,-1,mirabegron,CYP2D6,
PA166183901,Swissmedic,3,1,-1,moxifloxacin,G6PD,
PA166184082,Swissmedic,3,1,-1,nicorandil,G6PD,
PA166184156,Swissmedic,3,-1,-1,norfloxacin,G6PD,
PA166184459,Swissmedic,3,-1,-1,nitroglycerin,G6PD,
PA166184159,Swissmedic,3,-1,-1,omeprazole,CYP2C19,
PA166184222,Swissmedic,4,-1,-1,pantoprazole,CYP2C19,
PA166184123,Swissmedic,3,1,1,citalopram,CYP2C19,
PA166184123,Swissmedic,3,1,1,citalopram,CYP2D6,
PA166184441,Swissmedic,4,-1,-1,dolutegravir,CYP3A4,
PA166184441,Swissmedic,4,-1,-1,dolutegravir,CYP3A5,
PA166184441,Swissmedic,4,-1,-1,dolutegravir,NR1I2,
PA166184441,Swissmedic,4,-1,-1,dolutegravir,UGT1A1,
PA166182924,EMA,1,1,-1,alectinib,ALK,
PA166182926,EMA,1,1,-1,atezolizumab,CD274,
PA166182930,EMA,3,1,1,brexpiprazole,CYP2D6,
PA166182945,EMA,3,-1,-1,efavirenz,CYP2B6,CYP2B6*1; CYP2B6*6; rs3745274
PA166182950,EMA,3,1,-1,gefitinib,CYP2D6,
PA166182951,EMA,3,1,-1,glyburide,G6PD,
PA166183171,EMA,4,-1,-1,lacosamide,CYP2C19,
PA166183183,EMA,3,-1,-1,lidocaine / prilocaine,G6PD,
PA166184345,Swissmedic,3,1,1,phenytoin,CYP2C9,HLA-B*15:02:01
PA166184345,Swissmedic,3,1,1,phenytoin,HLA-B,HLA-B*15:02:01
PA166184373,Swissmedic,3,-1,-1,piroxicam,CYP2C9,CYP2C9*2; CYP2C9*3
PA166184381,Swissmedic,3,-1,-1,prilocaine,G6PD,
PA166184402,Swissmedic,3,1,-1,ranolazine,CYP2D6,
PA166184234,Swissmedic,4,-1,-1,vernakalant,CYP2D6,
PA166184504,Swissmedic,1,1,-1,zidovudine / lamivudine / abacavir,HLA-B,HLA-B*57:01
PA166184110,Swissmedic,3,1,1,vitamin c,G6PD,
PA166163428,FDA,4,-1,-1,ledipasvir / sofosbuvir,IFNL3,
PA166163430,FDA,4,-1,-1,isosorbide dinitrate,CYB5R1,
PA166163430,FDA,4,-1,-1,isosorbide dinitrate,CYB5R2,
PA166163430,FDA,4,-1,-1,isosorbide dinitrate,CYB5R3,
PA166163430,FDA,4,-1,-1,isosorbide dinitrate,CYB5R4,
PA166182021,FDA,3,1,1,amifampridine phosphate,NAT2,
PA166123390,EMA,4,-1,-1,fampridine,SLC22A2,
PA166123412,EMA,4,-1,-1,sunitinib,CYP3A4,
PA166123417,EMA,4,-1,-1,telithromycin,CYP3A4,
PA166123421,EMA,2,-1,-1,atazanavir,CYP2C19,
PA166123424,EMA,4,-1,-1,darunavir,CYP3A4,
PA166123487,FDA,1,1,1,eliglustat,CYP2D6,
PA166123414,EMA,4,-1,-1,dronedarone,CYP2D6,
PA166123414,EMA,4,-1,-1,dronedarone,CYP3A4,
PA166123553,PMDA,4,-1,-1,abacavir,HLA-B,
PA166123528,PMDA,3,-1,-1,atomoxetine,CYP2D6,
PA166123529,PMDA,4,-1,-1,atorvastatin,LDLR,
PA166123530,PMDA,3,-1,-1,azathioprine,TPMT,
PA166123531,PMDA,3,-1,-1,capecitabine,DPYD,
PA166123535,PMDA,3,-1,-1,clopidogrel,CYP2C19,
PA166123536,PMDA,1,-1,-1,crizotinib,ALK,
PA166123538,PMDA,3,-1,-1,eltrombopag,SERPINC1,
PA166123539,PMDA,3,-1,-1,fluorouracil,DPYD,
PA166123543,PMDA,3,-1,-1,indacaterol,UGT1A1,
PA166123526,PMDA,2,-1,-1,irinotecan,UGT1A1,
PA166123546,PMDA,3,-1,-1,mycophenolic acid,HPRT1,
PA166123547,PMDA,1,-1,-1,panitumumab,KRAS,
PA166123548,PMDA,3,-1,-1,rasburicase,G6PD,
PA166123549,PMDA,4,-1,-1,tolterodine,CYP2D6,
PA166123550,PMDA,1,-1,-1,trastuzumab,ERBB2,
PA166123537,PMDA,1,-1,-1,dasatinib,ABL1,
PA166123537,PMDA,1,-1,-1,dasatinib,BCR,
PA166127662,FDA,4,-1,-1,arformoterol,CYP2D6,
PA166127662,FDA,4,-1,-1,arformoterol,UGT1A1,
PA166127725,HCSC,1,-1,-1,tretinoin,PML,
PA166127725,HCSC,1,-1,-1,tretinoin,RARA,
PA166123420,EMA,4,-1,-1,fosamprenavir,CYP3A4,
PA166127721,HCSC,4,-1,-1,tolterodine,CYP2D6,
PA166127722,HCSC,1,-1,-1,trametinib,BRAF,
PA166127724,HCSC,1,-1,-1,trastuzumab,ERBB2,
PA166127723,HCSC,1,-1,-1,trastuzumab emtansine,ERBB2,
PA166127727,HCSC,1,-1,-1,velaglucerase alfa,GBA,
PA166127728,HCSC,1,-1,-1,vemurafenib,BRAF,
PA166127729,HCSC,3,-1,-1,moviprep,G6PD,
PA166127730,HCSC,3,-1,-1,voriconazole,CYP2C19,
PA166127731,HCSC,3,-1,-1,vortioxetine,CYP2D6,
PA166123408,EMA,3,1,1,vortioxetine,CYP2D6,
PA166123388,EMA,4,-1,-1,ruxolitinib,CYP3A4,
PA166127732,HCSC,3,-1,-1,warfarin,CYP2C9,
PA166127732,HCSC,3,-1,-1,warfarin,VKORC1,
PA166123387,EMA,4,-1,-1,axitinib,CYP2C19,
PA166123387,EMA,4,-1,-1,axitinib,UGT1A1,
PA166129449,EMA,1,1,-1,ceritinib,ALK,
PA166123422,EMA,3,-1,-1,efavirenz / emtricitabine / tenofovir disoproxil,CYP2B6,
PA166129515,FDA,3,1,-1,desflurane,CACNA1S,
PA166129515,FDA,3,1,-1,desflurane,RYR1,
PA166129516,HCSC,3,-1,-1,desflurane,CACNA1S,
PA166129516,HCSC,3,-1,-1,desflurane,RYR1,
PA166123411,EMA,4,-1,-1,sirolimus,CYP3A4,
PA166123413,EMA,4,-1,-1,zonisamide,CYP3A4,
PA166123409,EMA,4,-1,-1,aliskiren,ABCB1,
PA166127655,HCSC,1,-1,-1,crizotinib,ALK,
PA166127656,HCSC,1,-1,-1,dabrafenib,BRAF,
PA166127657,HCSC,3,-1,-1,dapsone,G6PD,
PA166127659,HCSC,3,-1,-1,darifenacin,CYP2D6,
PA166127627,HCSC,1,-1,-1,abacavir,HLA-B,
PA166127629,HCSC,1,1,-1,afatinib,EGFR,rs121434568
PA166127631,HCSC,3,-1,-1,aripiprazole,CYP2D6,
PA166123418,EMA,4,-1,-1,posaconazole,CYP3A4,
PA166123419,EMA,4,-1,-1,indinavir,CYP3A4,
PA166127653,HCSC,3,-1,-1,clopidogrel,CYP2C19,
PA166127654,HCSC,3,-1,-1,codeine,CYP2D6,
PA166127661,HCSC,3,-1,-1,dexlansoprazole,CYP2C19,
PA166127665,HCSC,1,-1,-1,divalproex sodium,POLG,
PA166127667,HCSC,3,-1,-1,efavirenz / emtricitabine / tenofovir disoproxil,CYP2B6,
PA166127669,HCSC,1,-1,-1,erlotinib,EGFR,
PA166127717,HCSC,3,-1,-1,erythromycin ethylsuccinate / sulfisoxazole acetyl,G6PD,
PA166127670,HCSC,4,-1,-1,esomeprazole,CYP2C19,
PA166127673,HCSC,3,-1,-1,fesoterodine,CYP2D6,
PA166127674,HCSC,3,-1,-1,fluorouracil,DPYD,
PA166127675,HCSC,4,-1,-1,galantamine,CYP2D6,
PA166127676,HCSC,1,-1,-1,gefitinib,EGFR,
PA166127677,HCSC,3,-1,-1,glyburide,G6PD,
PA166127678,HCSC,3,-1,-1,glimepiride,G6PD,
PA166127628,HCSC,3,-1,-1,acetaminophen; tramadol,CYP2D6,
PA166127630,HCSC,1,-1,-1,anastrozole,ESR1,
PA166127630,HCSC,1,-1,-1,anastrozole,ESR2,
PA166127630,HCSC,1,-1,-1,anastrozole,PGR,
PA166123416,EMA,4,-1,-1,ivabradine,CYP3A4,
PA166129518,HCSC,3,-1,-1,isoflurane,CACNA1S,
PA166129518,HCSC,3,-1,-1,isoflurane,RYR1,
PA166127710,HCSC,4,-1,-1,simeprevir,IFNL3,
PA166127713,HCSC,3,-1,-1,succinylcholine,BCHE,
PA166127714,HCSC,3,-1,-1,sulfadiazine,G6PD,
PA166127715,HCSC,3,-1,-1,sulfamethoxazole / trimethoprim,G6PD,
PA166127716,HCSC,3,-1,-1,sulfasalazine,G6PD,
PA166129447,EMA,1,1,1,eliglustat,CYP2D6,
PA166127683,HCSC,3,-1,-1,irinotecan,UGT1A1,
PA166127684,HCSC,1,-1,-1,ivacaftor,CFTR,
PA166127688,HCSC,4,-1,-1,lomitapide,LDLR,
PA166127690,HCSC,3,-1,-1,mercaptopurine,TPMT,
PA166127691,HCSC,3,-1,-1,metoprolol,CYP2D6,
PA166127692,HCSC,3,-1,-1,mycophenolic acid,HPRT1,
PA166127694,HCSC,3,-1,-1,nitrofurantoin,G6PD,
PA166127696,HCSC,3,-1,-1,norfloxacin,G6PD,
PA166127697,HCSC,3,-1,-1,nortriptyline,CYP2D6,
PA166127698,HCSC,4,-1,-1,omeprazole,CYP2C19,
PA166127718,HCSC,1,-1,-1,tamoxifen,CYP2D6,
PA166127718,HCSC,1,-1,-1,tamoxifen,ESR1,
PA166127718,HCSC,1,-1,-1,tamoxifen,ESR2,
PA166129450,EMA,1,1,-1,trametinib,BRAF,
PA166123423,EMA,4,-1,-1,tipranavir,CYP3A4,
PA166127719,HCSC,3,-1,-1,tetrabenazine,CYP2D6,
PA166127720,HCSC,3,-1,-1,thioguanine,TPMT,
PA166129519,FDA,3,1,-1,sevoflurane,CACNA1S,
PA166129519,FDA,3,1,-1,sevoflurane,RYR1,
PA166129520,HCSC,3,-1,-1,sevoflurane,CACNA1S,
PA166129520,HCSC,3,-1,-1,sevoflurane,RYR1,
PA166185168,FDA,3,1,1,pitolisant,CYP2D6,
PA166182753,FDA,3,1,-1,meloxicam,CYP2C9,CYP2C9*3
PA166169912,FDA,3,1,-1,enflurane,CACNA1S,
PA166169912,FDA,3,1,-1,enflurane,RYR1,
PA166190761,FDA,4,-1,-1,upadacitinib,CYP2D6,
PA166190141,FDA,4,-1,-1,enfortumab vedotin,NECTIN4,
PA166190023,FDA,4,-1,-1,luspatercept-aamt,HBB,
PA166189821,FDA,4,-1,-1,voxelotor,HBB,
PA166190101,FDA,1,1,-1,elexacaftor / tezacaftor / ivacaftor,CFTR,rs113993960; rs199826652
PA166190741,FDA,1,1,-1,golodirsen,DMD,
PA166122607,FDA,3,1,1,vortioxetine,CYP2D6,
PA166190643,FDA,1,1,-1,trastuzumab deruxtecan,ERBB2,
PA166190261,FDA,3,1,-1,estradiol / progesterone,PROC,
PA166190261,FDA,3,1,-1,estradiol / progesterone,PROS1,
PA166190261,FDA,3,1,-1,estradiol / progesterone,SERPINC1,
PA166190201,FDA,1,1,-1,entrectinib,NTRK1,
PA166190201,FDA,1,1,-1,entrectinib,NTRK2,
PA166190201,FDA,1,1,-1,entrectinib,NTRK3,
PA166190201,FDA,1,1,-1,entrectinib,ROS1,
PA166105222,FDA,3,1,-1,piroxicam,CYP2C9,
PA166161219,FDA,3,1,1,aripiprazole lauroxil,CYP2D6,
PA166169878,FDA,1,1,-1,brigatinib,ALK,
PA166124617,FDA,1,1,-1,ceritinib,ALK,
PA166104787,FDA,3,1,-1,cevimeline,CYP2D6,
PA166114910,FDA,3,1,-1,chlorpropamide,G6PD,
PA166160046,FDA,1,1,-1,cobimetinib,BRAF,rs113488022
PA166114912,FDA,1,1,-1,dabrafenib,BRAF,rs113488022
PA166127663,FDA,1,1,-1,divalproex sodium,POLG,
PA166179878,FDA,1,1,-1,encorafenib,BRAF,rs113488022
PA166104807,FDA,3,1,-1,fluorouracil,DPYD,
PA166105028,FDA,4,1,-1,nebivolol,CYP2D6,
PA166131627,FDA,1,1,-1,osimertinib,EGFR,rs121434568; rs121434569
PA166115367,FDA,1,1,-1,velaglucerase alfa,GBA,
PA166105213,FDA,2,1,-1,oxcarbazepine,HLA-B,HLA-B*15:02:01
PA166177475,FDA,1,1,-1,abemaciclib,ERBB2,
PA166177475,FDA,1,1,-1,abemaciclib,ESR1,
PA166177475,FDA,1,1,-1,abemaciclib,ESR2,
PA166177475,FDA,1,1,-1,abemaciclib,MKI67,
PA166177475,FDA,1,1,-1,abemaciclib,PGR,
PA166163422,FDA,3,1,-1,dronabinol,CYP2C9,
PA166184423,Swissmedic,3,-1,-1,antithrombotic agents,G6PD,
PA166184111,Swissmedic,3,-1,-1,atomoxetine,CYP2D6,
PA166184456,Swissmedic,3,-1,-1,glyburide,G6PD,
PA166184223,Swissmedic,3,1,-1,"Paracetamol, combinations excl. Psycholeptics (Vicks MediNait Sirup)",CYP2D6,
PA166184223,Swissmedic,3,1,-1,"Paracetamol, combinations excl. Psycholeptics (Vicks MediNait Sirup)",G6PD,
PA166184428,Swissmedic,3,-1,-1,sertindole,CYP2D6,
PA166184231,Swissmedic,4,-1,-1,umeclidinium,CYP2D6,
PA166184490,Swissmedic,4,-1,-1,zuclopenthixol,CYP2D6,
PA166184237,Swissmedic,3,-1,-1,Vitamin B-complex with vitamin C,G6PD,
PA166184499,Swissmedic,3,1,-1,rosuvastatin,ABCG2,rs2231142; rs4149056
PA166184499,Swissmedic,3,1,-1,rosuvastatin,SLCO1B1,rs2231142; rs4149056
PA166184434,Swissmedic,3,1,-1,sofosbuvir,IFNL3,rs12979860
PA166184434,Swissmedic,3,1,-1,sofosbuvir,IFNL4,rs12979860
PA166182738,FDA,1,1,1,siponimod,CYP2C9,CYP2C9*2; CYP2C9*3
PA166223861,FDA,4,-1,-1,bupropion,CYP2D6,
PA166223941,FDA,1,1,-1,avapritinib,PDGFRA,rs121908585
PA166223902,FDA,1,1,-1,alglucosidase alfa,GAA,
PA166185145,FDA,1,1,-1,brentuximab vedotin,TNFRSF8,
PA166224061,HCSC,2,1,-1,oxcarbazepine,HLA-B,
PA166224101,FDA,4,-1,-1,citalopram,CYP2D6,
PA166224121,FDA,4,-1,-1,escitalopram,CYP2D6,
PA166224441,FDA,4,-1,-1,ibrutinib,MYD88,rs387907272
PA166224202,FDA,1,1,-1,capmatinib,MET,
PA166225001,FDA,1,1,-1,lutetium (177Lu) oxodotreotide,SSTR1,
PA166225001,FDA,1,1,-1,lutetium (177Lu) oxodotreotide,SSTR2,
PA166225001,FDA,1,1,-1,lutetium (177Lu) oxodotreotide,SSTR3,
PA166225001,FDA,1,1,-1,lutetium (177Lu) oxodotreotide,SSTR4,
PA166225001,FDA,1,1,-1,lutetium (177Lu) oxodotreotide,SSTR5,
PA166224361,FDA,1,1,-1,gemtuzumab ozogamicin,CD33,
PA166224961,FDA,4,1,-1,inebilizumab-cdon,AQP4,
PA166225101,FDA,3,1,-1,sacituzumab govitecan-hziy,UGT1A1,UGT1A1*28
PA166225142,FDA,1,1,-1,tucatinib,ERBB2,
PA166224221,FDA,4,1,-1,eculizumab,AQP4,
PA166224221,FDA,4,1,-1,eculizumab,CHRNA1,
PA166224221,FDA,4,1,-1,eculizumab,CHRNA3,
PA166224221,FDA,4,1,-1,eculizumab,CHRNA4,
PA166224221,FDA,4,1,-1,eculizumab,CHRNA5,
PA166224221,FDA,4,1,-1,eculizumab,CHRNA6,
PA166224221,FDA,4,1,-1,eculizumab,CHRNA7,
PA166224221,FDA,4,1,-1,eculizumab,CHRNB1,
PA166224221,FDA,4,1,-1,eculizumab,CHRNE,
PA166225121,FDA,1,1,-1,selpercatinib,RET,
PA166225161,FDA,3,1,-1,oliceridine,CYP2D6,
PA166225042,FDA,4,-1,-1,rimegepant,CYP2C9,
PA166227101,EMA,1,1,-1,alglucosidase alfa,GAA,
PA166227121,HCSC,1,1,-1,alglucosidase alfa,GAA,
PA166227221,EMA,3,-1,-1,amifampridine phosphate,NAT2,
PA166227141,EMA,1,1,-1,ramucirumab,EGFR,
PA166227161,EMA,4,-1,-1,ramucirumab,KRAS,
PA166160054,FDA,3,1,1,brexpiprazole,CYP2D6,
PA166227321,HCSC,3,1,1,amifampridine phosphate,NAT2,
PA166169882,FDA,3,1,1,deutetrabenazine,CYP2D6,
PA166227181,EMA,1,1,-1,alpelisib,ERBB2,
PA166227181,EMA,1,1,-1,alpelisib,ESR1,
PA166227181,EMA,1,1,-1,alpelisib,ESR2,
PA166227181,EMA,1,1,-1,alpelisib,PIK3CA,
PA166104818,FDA,3,-1,-1,voriconazole,CYP2C19,
PA166227201,HCSC,1,1,-1,alpelisib,ERBB2,
PA166227201,HCSC,1,1,-1,alpelisib,ESR1,
PA166227201,HCSC,1,1,-1,alpelisib,ESR2,
PA166227201,HCSC,1,1,-1,alpelisib,PIK3CA,
PA166234761,FDA,4,-1,-1,simvastatin,SLCO1B1,
PA166234701,FDA,2,1,-1,allopurinol,HLA-B,HLA-B*58:01
PA166235881,FDA,1,1,-1,margetuximab,ERBB2,
PA166234801,FDA,4,-1,-1,tacrolimus,CYP3A,
PA166236001,FDA,3,1,-1,sodium oxybate,ALDH5A1,
PA166234723,FDA,4,-1,-1,atorvastatin,SLCO1B1,
PA166235261,FDA,4,-1,-1,anakinra,NLRP3,
PA166235921,FDA,1,1,-1,metreleptin,LEP,
PA166235981,FDA,1,1,-1,pralsetinib,RET,rs74799832; rs77709286
PA166235361,FDA,1,1,-1,lumasiran,AGXT,
PA166236521,FDA,1,1,-1,viltolarsen,DMD,
PA166236221,FDA,1,1,-1,risdiplam,SMN1,
PA166236221,FDA,1,1,-1,risdiplam,SMN2,
PA166238981,FDA,3,1,-1,"synthetic conjugated estrogens, A",PROC,
PA166238981,FDA,3,1,-1,"synthetic conjugated estrogens, A",PROS1,
PA166238981,FDA,3,1,-1,"synthetic conjugated estrogens, A",SERPINC1,
PA166184380,Swissmedic,4,-1,-1,brivaracetam,CYP2C19,
PA166184380,Swissmedic,4,-1,-1,brivaracetam,CYP2C9,
PA166184430,Swissmedic,3,-1,-1,fenofibrate; simvastatin,SLCO1B1,rs4149056
PA166184158,Swissmedic,3,-1,-1,ombitasvir / paritaprevir / ritonavir,IFNL3,rs12979860
PA166184158,Swissmedic,3,-1,-1,ombitasvir / paritaprevir / ritonavir,IFNL4,rs12979860
PA166184394,Swissmedic,4,-1,-1,prasugrel,CYP2B6,
PA166184394,Swissmedic,4,-1,-1,prasugrel,CYP2C19,
PA166184394,Swissmedic,4,-1,-1,prasugrel,CYP2C9,
PA166184394,Swissmedic,4,-1,-1,prasugrel,CYP3A5,
PA166153432,FDA,3,-1,-1,flibanserin,CYP2C19,
PA166153432,FDA,3,-1,-1,flibanserin,CYP2C9,
PA166153432,FDA,3,-1,-1,flibanserin,CYP2D6,
PA166105178,FDA,3,-1,-1,lidocaine / prilocaine,CYB5R3,
PA166105178,FDA,3,-1,-1,lidocaine / prilocaine,G6PD,
PA166184224,Swissmedic,3,1,-1,acetaminophen; acetaminophen / tramadol,G6PD,
PA166120370,EMA,3,1,-1,glimepiride; pioglitazone,G6PD,
PA166104776,FDA,3,1,-1,warfarin,CYP2C9,CYP2C9*1; CYP2C9*2; CYP2C9*3; rs9923231
PA166104776,FDA,3,1,-1,warfarin,PROC,CYP2C9*1; CYP2C9*2; CYP2C9*3; rs9923231
PA166104776,FDA,3,1,-1,warfarin,PROS1,CYP2C9*1; CYP2C9*2; CYP2C9*3; rs9923231
PA166104776,FDA,3,1,-1,warfarin,VKORC1,CYP2C9*1; CYP2C9*2; CYP2C9*3; rs9923231
PA166104823,EMA,3,1,-1,methylene blue,BLVRB,
PA166104823,EMA,3,1,-1,methylene blue,CYB5R3,
PA166104823,EMA,3,1,-1,methylene blue,G6PD,
PA166104819,FDA,1,1,-1,tamoxifen,ESR1,
PA166104819,FDA,1,1,-1,tamoxifen,ESR2,
PA166104819,FDA,1,1,-1,tamoxifen,PGR,
PA166104907,EMA,3,1,-1,eltrombopag,F5,
PA166104907,EMA,3,1,-1,eltrombopag,SERPINC1,
PA166104909,EMA,1,1,-1,crizotinib,ALK,
PA166104909,EMA,1,1,-1,crizotinib,ROS1,
PA166127645,HCSC,2,-1,-1,carbamazepine,HLA-A,
PA166127645,HCSC,2,-1,-1,carbamazepine,HLA-B,
PA166120287,EMA,3,1,-1,ethinyl estradiol / norelgestromin,F5,
PA166120287,EMA,3,1,-1,ethinyl estradiol / norelgestromin,PROC,
PA166120287,EMA,3,1,-1,ethinyl estradiol / norelgestromin,PROS1,
PA166120287,EMA,3,1,-1,ethinyl estradiol / norelgestromin,SERPINC1,
PA166105334,EMA,1,1,-1,nilotinib,ABL1,
PA166105334,EMA,1,1,-1,nilotinib,BCR,
PA166127632,HCSC,1,-1,-1,arsenic trioxide,PML,
PA166127632,HCSC,1,-1,-1,arsenic trioxide,RARA,
PA166127648,HCSC,1,-1,-1,cetuximab,EGFR,
PA166127648,HCSC,1,-1,-1,cetuximab,KRAS,
PA166127699,HCSC,1,-1,-1,panitumumab,EGFR,
PA166127699,HCSC,1,-1,-1,panitumumab,KRAS,
PA166104797,FDA,1,1,-1,letrozole,ESR1,
PA166104797,FDA,1,1,-1,letrozole,ESR2,
PA166104797,FDA,1,1,-1,letrozole,PGR,
PA166104821,EMA,1,1,-1,arsenic trioxide,PML,
PA166104821,EMA,1,1,-1,arsenic trioxide,RARA,
PA166104826,FDA,1,1,-1,cetuximab,EGFR,
PA166104826,FDA,1,1,-1,cetuximab,KRAS,
PA166104826,FDA,1,1,-1,cetuximab,NRAS,
PA166104840,EMA,1,1,-1,lapatinib,ERBB2,
PA166104840,EMA,1,1,-1,lapatinib,ESR1,
PA166104840,EMA,1,1,-1,lapatinib,ESR2,
PA166104845,FDA,3,-1,-1,dapsone,CYB5R3,
PA166104845,FDA,3,-1,-1,dapsone,G6PD,
PA166114381,EMA,4,1,-1,sodium phenylbutyrate,ASS1,
PA166114381,EMA,4,1,-1,sodium phenylbutyrate,CPS1,
PA166114381,EMA,4,1,-1,sodium phenylbutyrate,OTC,
PA166104874,FDA,3,-1,-1,sulfamethoxazole / trimethoprim,G6PD,
PA166104874,FDA,3,-1,-1,sulfamethoxazole / trimethoprim,NAT2,
PA166104820,FDA,3,-1,-1,doxepin,CYP2C19,
PA166104820,FDA,3,-1,-1,doxepin,CYP2D6,
PA166104911,EMA,1,1,-1,everolimus,ERBB2,
PA166104911,EMA,1,1,-1,everolimus,ESR1,
PA166104911,EMA,1,1,-1,everolimus,ESR2,
PA166104912,FDA,3,-1,-1,eltrombopag,F5,
PA166104912,FDA,3,-1,-1,eltrombopag,SERPINC1,
PA166104913,FDA,1,1,-1,everolimus,ERBB2,
PA166104913,FDA,1,1,-1,everolimus,ESR1,
PA166104913,FDA,1,1,-1,everolimus,ESR2,
PA166104914,EMA,1,1,-1,dasatinib,ABL1,
PA166104914,EMA,1,1,-1,dasatinib,BCR,
PA166104915,EMA,4,-1,-1,olanzapine,CYP1A2,
PA166104915,EMA,4,-1,-1,olanzapine,CYP2D6,
PA166104917,FDA,4,-1,-1,prasugrel,CYP2B6,
PA166104917,FDA,4,-1,-1,prasugrel,CYP2C19,
PA166104917,FDA,4,-1,-1,prasugrel,CYP2C9,
PA166104917,FDA,4,-1,-1,prasugrel,CYP3A5,
PA166104919,EMA,1,1,-1,fulvestrant,ERBB2,
PA166104919,EMA,1,1,-1,fulvestrant,ESR1,
PA166104919,EMA,1,1,-1,fulvestrant,ESR2,
PA166104919,EMA,1,1,-1,fulvestrant,PGR,
PA166104926,EMA,1,1,-1,imatinib,ABL1,
PA166104926,EMA,1,1,-1,imatinib,BCR,
PA166104926,EMA,1,1,-1,imatinib,FIP1L1,
PA166104926,EMA,1,1,-1,imatinib,KIT,
PA166104926,EMA,1,1,-1,imatinib,PDGFRA,
PA166104926,EMA,1,1,-1,imatinib,PDGFRB,
PA166182789,EMA,3,1,-1,toremifene,ESR1,
PA166182789,EMA,3,1,-1,toremifene,ESR2,
PA166183425,EMA,1,1,-1,talazoparib,BRCA1,
PA166183425,EMA,1,1,-1,talazoparib,BRCA2,
PA166183425,EMA,1,1,-1,talazoparib,ERBB2,
PA166179855,FDA,3,-1,-1,avatrombopag,F2,
PA166179855,FDA,3,-1,-1,avatrombopag,F5,
PA166179855,FDA,3,-1,-1,avatrombopag,PROC,
PA166179855,FDA,3,-1,-1,avatrombopag,PROS1,
PA166179855,FDA,3,-1,-1,avatrombopag,SERPINC1,
PA166182759,FDA,3,-1,-1,chloroprocaine,CYB5R3,
PA166182759,FDA,3,-1,-1,chloroprocaine,G6PD,
PA166182760,FDA,4,-1,-1,docetaxel,ESR1,
PA166182760,FDA,4,-1,-1,docetaxel,ESR2,
PA166182760,FDA,4,-1,-1,docetaxel,PGR,
PA166183421,EMA,1,1,-1,ribociclib,ERBB2,
PA166183421,EMA,1,1,-1,ribociclib,ESR1,
PA166183421,EMA,1,1,-1,ribociclib,ESR2,
PA166183421,EMA,1,1,-1,ribociclib,PGR,
PA166170935,FDA,4,-1,-1,rucaparib,CYP1A2,
PA166170935,FDA,4,-1,-1,rucaparib,CYP2D6,
PA166170938,FDA,4,-1,-1,trametinib,HRAS,
PA166170938,FDA,4,-1,-1,trametinib,KRAS,
PA166170938,FDA,4,-1,-1,trametinib,NRAS,
PA166170931,FDA,4,-1,-1,midostaurin,KIT,
PA166170931,FDA,4,-1,-1,midostaurin,NPM1,
PA166163420,FDA,4,-1,-1,venetoclax,FLT3,
PA166163420,FDA,4,-1,-1,venetoclax,IDH1,
PA166163420,FDA,4,-1,-1,venetoclax,IDH2,
PA166163420,FDA,4,-1,-1,venetoclax,NPM1,
PA166163420,FDA,4,-1,-1,venetoclax,TP53,
PA166170936,FDA,4,-1,-1,tamoxifen,F2,
PA166170936,FDA,4,-1,-1,tamoxifen,F5,
PA166160718,PMDA,3,-1,-1,methylene blue,BLVRB,
PA166160718,PMDA,3,-1,-1,methylene blue,G6PD,
PA166160274,PMDA,1,-1,-1,cetuximab,EGFR,
PA166160274,PMDA,1,-1,-1,cetuximab,KRAS,
PA166160711,PMDA,1,-1,-1,everolimus,ERBB2,
PA166160711,PMDA,1,-1,-1,everolimus,ESR1,
PA166160711,PMDA,1,-1,-1,everolimus,ESR2,
PA166184426,Swissmedic,3,-1,-1,tolterodine,CYP2D6,
PA166184426,Swissmedic,3,-1,-1,tolterodine,CYP3A4,
PA166182923,EMA,1,1,-1,abemaciclib,ERBB2,
PA166182923,EMA,1,1,-1,abemaciclib,ESR1,
PA166182923,EMA,1,1,-1,abemaciclib,ESR2,
PA166182923,EMA,1,1,-1,abemaciclib,PGR,
PA166184560,FDA,1,1,-1,ramucirumab,ALK,
PA166184560,FDA,1,1,-1,ramucirumab,EGFR,
PA166182741,FDA,3,1,-1,articaine / epinephrine,CYB5R3,
PA166182741,FDA,3,1,-1,articaine / epinephrine,G6PD,
PA166104859,FDA,1,1,-1,crizotinib,ALK,
PA166104859,FDA,1,1,-1,crizotinib,ROS1,
PA166104810,FDA,2,1,1,mercaptopurine,NUDT15,
PA166104810,FDA,2,1,1,mercaptopurine,TPMT,
PA166104842,FDA,1,1,-1,nilotinib,ABL1,
PA166104842,FDA,1,1,-1,nilotinib,BCR,
PA166159964,FDA,1,1,-1,olaparib,BRCA1,
PA166159964,FDA,1,1,-1,olaparib,BRCA2,
PA166159964,FDA,1,1,-1,olaparib,ERBB2,
PA166104809,FDA,1,1,-1,panitumumab,EGFR,
PA166104809,FDA,1,1,-1,panitumumab,KRAS,
PA166104809,FDA,1,1,-1,panitumumab,NRAS,
PA166182746,FDA,3,1,-1,ceftriaxone,CYB5R3,
PA166182746,FDA,3,1,-1,ceftriaxone,G6PD,
PA166163419,FDA,1,1,-1,rucaparib,BRCA1,
PA166163419,FDA,1,1,-1,rucaparib,BRCA2,
PA166115362,FDA,3,1,-1,sodium nitrite,CYB5R3,
PA166115362,FDA,3,1,-1,sodium nitrite,G6PD,
PA166104892,FDA,3,1,-1,sulfasalazine,G6PD,
PA166104892,FDA,3,1,-1,sulfasalazine,NAT2,
PA166104817,FDA,1,1,-1,tretinoin,PML,
PA166104817,FDA,1,1,-1,tretinoin,RARA,
PA166123527,PMDA,1,-1,-1,arsenic trioxide,PML,
PA166123527,PMDA,1,-1,-1,arsenic trioxide,RARA,
PA166123532,PMDA,3,-1,-1,carbamazepine,HLA-A,
PA166123532,PMDA,3,-1,-1,carbamazepine,HLA-B,
PA166123540,PMDA,1,-1,-1,fulvestrant,ESR1,
PA166123540,PMDA,1,-1,-1,fulvestrant,ESR2,
PA166123541,PMDA,1,-1,-1,gefitinib,CYP2D6,
PA166123541,PMDA,1,-1,-1,gefitinib,EGFR,
PA166123542,PMDA,1,-1,-1,imatinib,ABL1,
PA166123542,PMDA,1,-1,-1,imatinib,BCR,
PA166123544,PMDA,1,-1,-1,lapatinib,ERBB2,
PA166123544,PMDA,1,-1,-1,lapatinib,HLA-DQA1,
PA166123544,PMDA,1,-1,-1,lapatinib,HLA-DRB1,
PA166123551,PMDA,4,-1,-1,tretinoin,PML,
PA166123551,PMDA,4,-1,-1,tretinoin,RARA,
PA166123552,PMDA,3,-1,-1,valproic acid,CPS1,
PA166123552,PMDA,3,-1,-1,valproic acid,OTC,
PA166123410,EMA,4,-1,-1,ritonavir,CYP2D6,
PA166123410,EMA,4,-1,-1,ritonavir,CYP3A4,
PA166127660,HCSC,1,-1,-1,dasatinib,ABI1,
PA166127660,HCSC,1,-1,-1,dasatinib,BCR,
PA166127666,HCSC,3,-1,-1,drospirenone / ethinyl estradiol,F5,
PA166127666,HCSC,3,-1,-1,drospirenone / ethinyl estradiol,PROC,
PA166127666,HCSC,3,-1,-1,drospirenone / ethinyl estradiol,PROS1,
PA166127666,HCSC,3,-1,-1,drospirenone / ethinyl estradiol,SERPINC1,
PA166127668,HCSC,3,-1,-1,eltrombopag,F5,
PA166127668,HCSC,3,-1,-1,eltrombopag,SERPINC1,
PA166127671,HCSC,1,-1,-1,everolimus,ERBB2,
PA166127671,HCSC,1,-1,-1,everolimus,ESR1,
PA166127671,HCSC,1,-1,-1,everolimus,ESR2,
PA166127672,HCSC,1,-1,-1,exemestane,ESR1,
PA166127672,HCSC,1,-1,-1,exemestane,ESR2,
PA166127712,HCSC,1,-1,-1,sodium phenylbutyrate,ASS1,
PA166127712,HCSC,1,-1,-1,sodium phenylbutyrate,CPS1,
PA166127712,HCSC,1,-1,-1,sodium phenylbutyrate,OTC,
PA166127682,HCSC,1,-1,-1,imatinib,ABI1,
PA166127682,HCSC,1,-1,-1,imatinib,BCR,
PA166127682,HCSC,1,-1,-1,imatinib,FIP1L1,
PA166127682,HCSC,1,-1,-1,imatinib,KIT,
PA166127682,HCSC,1,-1,-1,imatinib,PDGFRA,
PA166127682,HCSC,1,-1,-1,imatinib,PDGFRB,
PA166127685,HCSC,1,-1,-1,lapatinib,ERBB2,
PA166127685,HCSC,1,-1,-1,lapatinib,HLA-DQA1,
PA166127685,HCSC,1,-1,-1,lapatinib,HLA-DRB1,
PA166127687,HCSC,1,-1,-1,letrozole,ESR1,
PA166127687,HCSC,1,-1,-1,letrozole,ESR2,
PA166127687,HCSC,1,-1,-1,letrozole,PGR,
PA166127693,HCSC,1,-1,-1,nilotinib,ABI1,
PA166127693,HCSC,1,-1,-1,nilotinib,BCR,
PA166127695,HCSC,3,-1,-1,ethinyl estradiol / norelgestromin,F2,
PA166127695,HCSC,3,-1,-1,ethinyl estradiol / norelgestromin,F5,
PA166127695,HCSC,3,-1,-1,ethinyl estradiol / norelgestromin,MTHFR,
PA166127695,HCSC,3,-1,-1,ethinyl estradiol / norelgestromin,PROC,
PA166127695,HCSC,3,-1,-1,ethinyl estradiol / norelgestromin,PROS1,
PA166127695,HCSC,3,-1,-1,ethinyl estradiol / norelgestromin,SERPINC1,
PA166129517,FDA,3,1,-1,isoflurane,CACNA1S,
PA166129517,FDA,3,1,-1,isoflurane,RYR1,
PA166170048,FDA,1,1,-1,ribociclib,ERBB2,
PA166170048,FDA,1,1,-1,ribociclib,ESR1,
PA166170048,FDA,1,1,-1,ribociclib,ESR2,
PA166170048,FDA,1,1,-1,ribociclib,PGR,
PA166183781,Swissmedic,3,1,-1,mercaptopurine,NUDT15,TPMT*2; TPMT*3A; TPMT*3C
PA166183781,Swissmedic,3,1,-1,mercaptopurine,TPMT,TPMT*2; TPMT*3A; TPMT*3C
PA166235901,FDA,4,-1,-1,margetuximab,FCGR2A,
PA166235901,FDA,4,-1,-1,margetuximab,FCGR2B,
PA166235901,FDA,4,-1,-1,margetuximab,FCGR3A,
PA166236241,FDA,4,-1,-1,satralizumab,AQP4,
PA166236241,FDA,4,-1,-1,satralizumab,IL6R,
PA166127726,HCSC,3,-1,-1,valproic acid,OTC,
PA166127726,HCSC,3,-1,-1,valproic acid,POLG,
PA166190701,FDA,4,-1,-1,givosiran,CPOX,
PA166190701,FDA,4,-1,-1,givosiran,HMBS,
PA166190701,FDA,4,-1,-1,givosiran,PPOX,
PA166163429,FDA,1,1,-1,atezolizumab,ALK,rs113488022
PA166163429,FDA,1,1,-1,atezolizumab,BRAF,rs113488022
PA166163429,FDA,1,1,-1,atezolizumab,CD274,rs113488022
PA166163429,FDA,1,1,-1,atezolizumab,EGFR,rs113488022
PA166235601,FDA,1,1,-1,lonafarnib,LMNA,
PA166235601,FDA,1,1,-1,lonafarnib,ZMPSTE24,
PA166191581,FDA,1,1,-1,ipilimumab,ALK,
PA166191581,FDA,1,1,-1,ipilimumab,CD274,
PA166191581,FDA,1,1,-1,ipilimumab,EGFR,
PA166160056,FDA,1,1,-1,cholic acid,AKR1D1,
PA166160056,FDA,1,1,-1,cholic acid,AMACR,
PA166160056,FDA,1,1,-1,cholic acid,CYP27A1,
PA166160056,FDA,1,1,-1,cholic acid,CYP7A1,
PA166160056,FDA,1,1,-1,cholic acid,DHCR7,
PA166160056,FDA,1,1,-1,cholic acid,HSD3B7,
PA166235441,FDA,3,-1,-1,bupivacaine,CYB5R3,
PA166235441,FDA,3,-1,-1,bupivacaine,G6PD,
PA166224341,FDA,3,1,-1,encorafenib,HRAS,
PA166224341,FDA,3,1,-1,encorafenib,KRAS,
PA166224341,FDA,3,1,-1,encorafenib,NRAS,
PA166185190,FDA,4,-1,-1,ospemifene,CYP2B6,
PA166185190,FDA,4,-1,-1,ospemifene,CYP2C9,
PA166182721,FDA,1,1,-1,erdafitinib,FGFR2,
PA166182721,FDA,1,1,-1,erdafitinib,FGFR3,
PA166105232,FDA,3,1,-1,quinine,CYP2D6,
PA166105232,FDA,3,1,-1,quinine,G6PD,
PA166235941,FDA,1,1,-1,setmelanotide,LEPR,
PA166235941,FDA,1,1,-1,setmelanotide,PCSK1,
PA166235941,FDA,1,1,-1,setmelanotide,POMC,
PA166240301,EMA,3,-1,-1,avatrombopag,CYP2C9,CYP2C9*2; CYP2C9*3
PA166240301,EMA,3,-1,-1,avatrombopag,F2,CYP2C9*2; CYP2C9*3
PA166240301,EMA,3,-1,-1,avatrombopag,F5,CYP2C9*2; CYP2C9*3
PA166240301,EMA,3,-1,-1,avatrombopag,PROC,CYP2C9*2; CYP2C9*3
PA166240301,EMA,3,-1,-1,avatrombopag,PROS1,CYP2C9*2; CYP2C9*3
PA166240301,EMA,3,-1,-1,avatrombopag,SERPINC1,CYP2C9*2; CYP2C9*3
PA166246301,FDA,3,1,-1,acetaminophen / caffeine / dihydrocodeine,CYP2D6,
PA166246485,FDA,1,1,-1,sotorasib,KRAS,rs121913530
PA166248801,FDA,1,1,-1,anakinra,IL1RN,
PA166252881,FDA,1,1,-1,tepotinib,MET,
PA166252901,FDA,4,-1,-1,tepotinib,ALK,
PA166252901,FDA,4,-1,-1,tepotinib,EGFR,
PA166252781,FDA,1,1,-1,fosdenopterin,MOCS1,
PA166251821,FDA,4,-1,-1,evinacumab,LDLR,
PA166251421,FDA,1,1,-1,cemiplimab-rwlc,ALK,
PA166251421,FDA,1,1,-1,cemiplimab-rwlc,CD274,
PA166251421,FDA,1,1,-1,cemiplimab-rwlc,EGFR,
PA166251421,FDA,1,1,-1,cemiplimab-rwlc,ROS1,
PA166252081,FDA,1,1,-1,infigratinib,FGFR2,
PA166251561,FDA,1,1,-1,casimersen,DMD,
PA166268901,FDA,4,1,-1,efgartigimod alfa,CHRNA1,
PA166268901,FDA,4,1,-1,efgartigimod alfa,CHRNA3,
PA166268901,FDA,4,1,-1,efgartigimod alfa,CHRNA4,
PA166268901,FDA,4,1,-1,efgartigimod alfa,CHRNA5,
PA166268901,FDA,4,1,-1,efgartigimod alfa,CHRNA6,
PA166268901,FDA,4,1,-1,efgartigimod alfa,CHRNA7,
PA166268901,FDA,4,1,-1,efgartigimod alfa,CHRNB1,
PA166268901,FDA,4,1,-1,efgartigimod alfa,CHRNE,
PA166269101,FDA,1,1,-1,glycerol phenylbutyrate,ASS1,
PA166269101,FDA,1,1,-1,glycerol phenylbutyrate,CPS1,
PA166269101,FDA,1,1,-1,glycerol phenylbutyrate,OTC,
PA166269081,FDA,4,-1,-1,glycerol phenylbutyrate,NAGS,
PA166268961,FDA,4,-1,-1,zanubrutinib,MYD88,rs387907272
PA166269121,FDA,3,-1,-1,nateglinide,CYP2C9,
PA166268902,FDA,3,-1,-1,odevixibat,ABCB11,
PA166268923,FDA,4,-1,-1,ropeginterferon alfa-2b,JAK2,rs77375493
PA166170052,FDA,3,1,1,valbenazine,CYP2D6,
PA166268861,FDA,1,1,1,asciminib,ABL1,rs121913459
PA166268861,FDA,1,1,1,asciminib,BCR,rs121913459
