aid,genomic_variation,vid,hid,gene,gid,chemical,cid,pd_phenotype,pk_phenotype,evidence,association
PA166269401,None,,,CYP2C9,PA126,nateglinide,PA450600,,,0A,1
PA166269301,None,,,JAG1,PA29986,maralixibat,PA166268803,,,0B,1
PA166269701,None,,,ARG1; ASL; ASS1; CPS1; OTC,nan,glycerol phenylbutyrate,PA166268801,,,0D,1
PA166273262,None,,,CYP2B6,PA123,ospemifene,,,,0B,1
PA166273261,None,,,CYP2C9,PA126,ospemifene,,,,0A,1
PA166273281,None,,,SMN2,PA35967,nusinersen,,,,0B,1
PA166273301,None,,,ALK; CD274; EGFR; ERBB2,nan,nivolumab,,,,0D,1
PA166273321,None,,,BRCA1; BRCA2,nan,niraparib,PA166131610,,,0B,1
PA166273423,None,,,SSTR1; SSTR2; SSTR3; SSTR4; SSTR5,nan,lutetium (177Lu) oxodotreotide,,,,0D,1
PA166271261,"DPYD c.1129-5923C>G, c.1236G>A (HapB3); DPYD c.1679T>G (*13); DPYD c.1905+1G>A (*2A); DPYD c.2846A>T",,,DPYD,PA145,tegafur,,,,0C,1
PA166272161,None,,,FLT3; IDH1; IDH2; NPM1; TP53,nan,venetoclax,PA166153473,,,0B,1
PA166273501,HLA-A*02:01,,,CTLA4; HLA-A,nan,ipilimumab,,,,0B,1
PA166273521,None,,,ALK; CD274; EGFR,nan,ipilimumab,,,,0D,1
PA166272181,None,,,CYP2D6,PA128,upadacitinib,,,,0B,1
PA166273381,None,,,AGPAT2; BSCL2; LEP; LMNB2,nan,metreleptin,,,,0D,1
PA166272201,None,,,ERBB2,PA27844,tucatinib,,,,0D,1
PA166273541,None,,,AQP4,PA24922,inebilizumab-cdon,,,,0B,1
PA166272221,None,,,ERBB2,PA27844,tucatinib,,,,0D,1
PA166272241,None,,,CYP2D6,PA128,upadacitinib,,,,0B,1
PA166169884,None,,,CD274,PA134915280,durvalumab,,,,0D,1
PA166191561,None,,,ALK; CD274; EGFR,nan,nivolumab,,,,0D,1
PA166272261,None,,,FLT3; IDH1; IDH2; NPM1; TP53,nan,venetoclax,PA166153473,,,0B,1
PA166271361,None,,,MET,PA30763,capmatinib,,,,0D,1
PA166272321,None,,,ERBB2; KRAS,nan,trifluridine,PA451775,,,0B,1
PA166272581,rs121913530,,,KRAS,PA30196,sotorasib,,,,0D,1
PA166272601,rs121913530,,,KRAS,PA30196,sotorasib,,,,0D,1
PA166272621,None,,,TTR,PA37069,tafamidis,,,,0B,1
PA166271481,None,,,CYP2C19,PA124,escitalopram,PA10074,,,0A,1
PA166272681,None,,,ERBB2; KRAS,nan,trifluridine,PA451775,,,0B,1
PA166272701,None,,,CYP2C9,PA126,rimegepant,,,,0B,1
PA166273981,None,,,ABL1; BCR,nan,asciminib,PA166268841,,,0D,1
PA166271541,UGT1A1*28,,,UGT1A1,PA420,sacituzumab govitecan-hziy,,,,0A,1
PA166272721,None,,,SMN1; SMN2,nan,risdiplam,,,,0D,1
PA166274001,None,,,None,nan,blinatumomab,,,,0B,1
PA166184117,None,,,G6PD,PA28469,carbasalate calcium,,,,0A,1
PA166184405,None,,,CYP2D6,PA128,brexpiprazole,PA166160053,,,0A,1
PA166184114,None,,,DPYD,PA145,capecitabine,PA448771,,,0A,1
PA166184116,HLA-B*15:02:01,,,HLA-B,PA35056,carbamazepine,PA448785,,,0D,1
PA166184122,None,,,G6PD,PA28469,ciprofloxacin,PA449009,,,0A,1
PA166184124,None,,,CYP2D6,PA128,clomipramine,PA449048,,,0A,1
PA166184126,None,,,CYP2D6,PA128,codeine,PA449088,,,0A,1
PA166184133,None,,,CYP2C19,PA124,dexlansoprazole,PA166110257,,,0A,1
PA166184134,None,,,CYP2D6,PA128,dextromethorphan,PA449273,,,0A,1
PA166184506,HLA-B*57:01,,,HLA-B,PA35056,lamivudine,PA450163,,,0D,1
PA166184442,None,,,CYP2D6,PA128,duloxetine,PA10066,,,0A,1
PA166184449,None,,,DPYD,PA145,flucytosine,PA449654,,,0C,1
PA166183786,rs4149056,,,G6PD; SLCO1B1,nan,perindopril arginine,PA448500,,,0A,1
PA166271561,UGT1A1*28,,,UGT1A1,PA420,sacituzumab govitecan-hziy,,,,0A,1
PA166272741,rs77375493,,,JAK2,PA29989,ropeginterferon alfa-2b,,,,0B,1
PA166274002,None,,,None,nan,blinatumomab,,,,0B,1
PA166272761,None,,,AQP4,PA24922,satralizumab,,,,0B,1
PA166104846,None,,,PML; RARA,nan,arsenic trioxide,PA448486,,,0D,1
PA166272781,None,,,RET,PA34335,selpercatinib,,,,0D,1
PA166182280,rs121434568,,,EGFR,PA7360,dacomitinib,,,,0D,1
PA166272801,None,,,LEPR; PCSK1; POMC,nan,setmelanotide,,,,0D,1
PA166180000,None,,,CYP2D6,PA128,meclizine,PA450338,,,0A,1
PA166272821,CYP2C9*1; CYP2C9*11; CYP2C9*2; CYP2C9*3; CYP2C9*5; CYP2C9*6; CYP2C9*8,,,CYP2C9,PA126,siponimod,,,,0D,1
PA166272841,None,,,ALDH5A1,PA24702,sodium oxybate,,,,0A,1
PA166185156,None,,,BCHE,PA25294,mivacurium,PA450528,,,0A,1
PA166268881,None,,,VHL,PA37307,belzutifan,PA166268761,,,0D,1
PA166268882,CYP2C19*2; CYP2C19*3,,,CYP2C19; UGT2B17,nan,belzutifan,PA166268761,,,0A,1
PA166272661,None,,,ERBB2; ESR1; ESR2,nan,abemaciclib,PA166153471,,,0D,1
PA166272961,None,,,CYP2C19,PA124,abrocitinib,PA166272921,,,0A,1
PA166272981,None,,,CYP2C19; CYP2C9,nan,abrocitinib,PA166272921,,,0B,1
PA166273001,None,,,CYP2C19; CYP2C9,nan,abrocitinib,PA166272921,,,0B,1
PA166272123,None,,,MYD88,PA31361,zanubrutinib,,,,0B,1
PA166273081,None,,,MYD88,PA31361,zanubrutinib,,,,0B,1
PA166273101,None,,,CYP2D6,PA128,pitolisant,,,,0A,1
PA166273121,None,,,RET,PA34335,pralsetinib,,,,0D,1
PA166278421,None,,,ALK; CD274; EGFR; ROS1,nan,cemiplimab-rwlc,,,,0D,1
PA166278442,None,,,ALK; CD274; EGFR; ROS1,nan,cemiplimab-rwlc,,,,0D,1
PA166278461,None,,,HBB; SELP,nan,crizanlizumab-tmca,,,,0B,1
PA166278481,None,,,SSTR1; SSTR2; SSTR3; SSTR4; SSTR5,nan,lutetium (177Lu) oxodotreotide,,,,0D,1
PA166278701,None,,,SMN1; SMN2,nan,risdiplam,,,,0D,1
PA166278361,None,,,CYP2D6,PA128,dextromethorphan hydrobromide,,,,0A,1
PA166273241,None,,,CYP2D6,PA128,paliperidone,PA163518919,,,0B,1
PA166278501,None,,,None,nan,duvelisib,,,,0B,1
PA166278601,None,,,RET,PA34335,selpercatinib,,,,0D,1
PA166278621,None,,,AQP4,PA24922,satralizumab,,,,0B,1
PA166184450,None,,,DPYD,PA145,fluorouracil,PA128406956,,,0D,1
PA166184452,None,,,CYP2D6,PA128,fluoxetine,PA449673,,,0B,1
PA166184461,None,,,G6PD,PA28469,hydroxychloroquine,PA164777036,,,0A,1
PA166183900,None,,,CYP2C19,PA124,moclobemide,PA452615,,,0A,1
PA166183910,None,,,CYP2D6,PA128,nebivolol,PA151958426,,,0B,1
PA166184157,None,,,G6PD,PA28469,ofloxacin,PA450684,,,0A,1
PA166184173,HLA-B*15:02:01,,,HLA-B,PA35056,oxcarbazepine,PA450732,,,0D,1
PA166184221,None,,,CYP2D6,PA128,palonosetron,PA10352,,,0B,1
PA166184268,HLA-B*15:02:01,,,HLA-B,PA35056,pazopanib,,,,0A,1
PA166184395,None,,,CYP2D6,PA128,propafenone,PA451131,,,0A,1
PA166184120,None,,,G6PD,PA28469,quinine,PA451213,,,0A,1
PA166184403,None,,,G6PD,PA28469,rasburicase,,,,0A,1
PA166184388,None,,,CYP2C9; CYP3A4,nan,losartan,PA450268,,,0A,1
PA166184390,None,,,G6PD,PA28469,trimethoprim,PA451788,,,0A,1
PA166184424,None,,,TPMT,PA356,thioguanine,PA451663,,,0A,1
PA166269742,None,,,ABCB11,PA374,odevixibat,PA166268805,,,0A,1
PA166278081,None,,,PKLR,PA33352,mitapivat,PA166278021,,,0D,1
PA166278001,None,,,CYP2C19; UGT2B17,nan,belzutifan,PA166268761,,,0A,1
PA166277981,None,,,VHL,PA37307,belzutifan,PA166268761,,,0D,1
PA166278281,None,,,None,nan,estradiol valerate,PA166278261,,,0B,1
PA166278321,None,,,CDKL5,PA36218,ganaxolone,PA166278301,,,0D,1
PA166278401,None,,,CYB5R3; G6PD,nan,bupivacaine; meloxicam,,,,0A,1
PA166278381,None,,,CYB5R3; G6PD,nan,bupivacaine,PA135057240,,,0A,1
PA166184637,None,,,BCHE; CYB5R3; G6PD,nan,oxymetazoline and tetracaine,,,,0A,1
PA166281081,None,,,None,nan,eculizumab,,,,0B,1
PA166281101,None,,,None,nan,eculizumab,,,,0B,1
PA166281121,None,,,None,nan,efgartigimod alfa,,,,0B,1
PA166129525,None,,,NAGS,PA134968729,carglumic acid,PA165958402,,,0D,1
PA166129526,None,,,ALK,PA24719,ceritinib,,,,0D,1
PA166153492,None,,,CYP2C19,PA124,brivaracetam,PA166153491,,,0A,1
PA166129527,None,,,ABI1; BCR,nan,ponatinib,PA165980594,,,0D,1
PA166178724,None,,,ESR1; ESR2; PGR,nan,neratinib,,,,0B,1
PA166281722,rs74799832; rs77709286,,,RET,PA34335,pralsetinib,,,,0D,1
PA166281761,None,,,CYP2D6,PA128,paliperidone,PA163518919,,,0B,1
PA166281781,None,,,CYP2B6; CYP2C9,nan,ospemifene,,,,0B,1
PA166282861,None,,,SMN2,PA35967,nusinersen,,,,0B,1
PA166282882,None,,,BRCA1; BRCA2; ERBB2,nan,olaparib,,,,0D,1
PA166163421,None,,,IFNL3,PA134952671,daclatasvir,PA166128167,,,0B,1
PA166283001,rs113993960; rs199826652,,,CFTR,PA109,tezacaftor,PA165950341,,,0D,1
PA166283021,rs113993960; rs199826652,,,CFTR,PA109,tezacaftor,PA165950341,,,0D,1
PA166283201,None,,,BCHE,PA25294,mivacurium,PA450528,,,0A,1
PA166283221,None,,,AGXT,PA24633,lumasiran,,,,0D,1
PA166284541,None,,,HRAS; KRAS; NRAS,nan,encorafenib,PA166179872,,,0A,1
PA166283241,None,,,None,nan,lenvatinib,PA166153472,,,0D,1
PA166284542,rs113488022,,,BRAF,PA25408,encorafenib,PA166179872,,,0D,1
PA166283261,None,,,None,nan,isatuximab,,,,0B,1
PA166284642,None,,,ALK; CD274; EGFR; ERBB2,nan,pembrolizumab,,,,0D,1
PA166283161,None,,,BRCA1; BRCA2,nan,niraparib,PA166131610,,,0B,1
PA166284681,rs113488022,,,BRAF,PA25408,pembrolizumab,,,,0B,1
PA166160039,None,,,LDLR,PA227,evolocumab,,,,0B,1
PA166160040,None,,,CASR,PA26097,Parathyroid Hormones And Analogues,,,,0B,1
PA166283181,None,,,CYP2C9,PA126,meloxicam,PA450353,,,0B,1
PA166284701,None,,,EGFR; KRAS; VEGFA,nan,regorafenib,,,,0B,1
PA166284741,rs113488022,,,BRAF,PA25408,nivolumab,,,,0B,1
PA166251522,None,,,HLA-B,PA35056,rilpivirine,,,,0B,1
PA166251501,None,,,UGT1A1,PA420,rilpivirine,,,,0B,1
PA166284761,None,,,UGT1A1,PA420,rilpivirine,,,,0B,1
PA166277681,None,,,IFNAR1,PA29670,anifrolumab,,,,0B,1
PA166277701,None,,,IFNAR1,PA29670,anifrolumab,,,,0B,1
PA166277721,None,,,IFNAR1,PA29670,anifrolumab,,,,0B,1
PA166104860,CYP2C9*2; CYP2C9*3; HLA-B*15:02:01,,,CYP2C19; CYP2C9; HLA-B,nan,phenytoin,PA450947,,,0A,1
PA166284241,HLA-B*15:02:01,,,HLA-B,PA35056,fosphenytoin,PA164746820,,,0A,1
PA166284661,rs113488022,,,BRAF,PA25408,pembrolizumab,,,,0B,1
PA166284121,None,,,ERBB2,PA27844,trastuzumab deruxtecan,,,,0D,1
PA166224081,None,,,HLA-A,PA35055,oxcarbazepine,PA450732,,,0B,1
PA166283781,None,,,CPOX; HMBS; PPOX,nan,givosiran,,,,0B,1
PA166283802,None,,,CPOX; HMBS; PPOX,nan,givosiran,,,,0B,1
PA166284561,None,,,HRAS; KRAS; NRAS,nan,encorafenib,PA166179872,,,0A,1
PA166278561,None,,,ALDH5A1,PA24702,sodium oxybate,,,,0A,1
PA166283821,None,,,ALK; CD274; EGFR,nan,ipilimumab,,,,0D,1
PA166284721,None,,,ALK; CD274; EGFR; ERBB2,nan,nivolumab,,,,0D,1
PA166272361,None,,,TTR,PA37069,tafamidis,,,,0B,1
PA166277801,HLA-A*02:01,,,HLA-A,PA35055,tebentafusp,,,,0D,1
PA166283841,None,,,FGFR2,PA28128,infigratinib,,,,0D,1
PA166272341,None,,,MET,PA30763,tepotinib,,,,0D,1
PA166283881,None,,,ARG1; ASL; ASS1; CPS1; OTC,nan,glycerol phenylbutyrate,PA166268801,,,0D,1
PA166278581,CYP2C9*1; CYP2C9*2; CYP2C9*3,,,CYP2C9,PA126,siponimod,,,,0D,1
PA166268941,None,,,EGFR,PA7360,mobocertinib,PA166268804,,,0D,1
PA166283922,None,,,CD33,PA26210,gemtuzumab ozogamicin,,,,0D,1
PA166284042,None,,,NTRK1; NTRK2; NTRK3; ROS1,nan,entrectinib,,,,0D,1
PA166273302,rs113488022,,,BRAF,PA25408,nivolumab,,,,0B,1
PA166283941,None,,,ERBB2,PA27844,trastuzumab deruxtecan,,,,0D,1
PA166281741,None,,,CYP2D6,PA128,pitolisant,,,,0A,1
PA166283961,None,,,MOCS1,PA30900,fosdenopterin,,,,0D,1
PA166251621,SLCO1B1*1,,,SLCO1B1,PA134865839,viloxazine,,,,0B,1
PA166251601,None,,,CYP2D6,PA128,viloxazine,,,,0A,1
PA166283981,None,,,ANGPTL3; LDLR,nan,evinacumab,,,,0B,1
PA166273441,None,,,AGXT,PA24633,lumasiran,,,,0D,1
PA166273481,None,,,CD38,PA26214,isatuximab,,,,0B,1
PA166284001,None,,,NECTIN4,PA134991624,enfortumab vedotin,,,,0B,1
PA166272141,None,,,HBB,PA29202,voxelotor,,,,0B,1
PA166284021,None,,,NECTIN4,PA134991624,enfortumab vedotin,,,,0B,1
PA166284062,None,,,NTRK1; NTRK2; NTRK3; ROS1,nan,entrectinib,,,,0D,1
PA166229941,None,,,ALK; CD274; EGFR,nan,atezolizumab,,,,0D,1
PA166277661,None,,,TTR,PA37069,vutrisiran,,,,0B,1
PA166277761,HLA-A*02:01,,,HLA-A,PA35055,tebentafusp,,,,0D,1
PA166284081,None,,,FGFR2; FGFR3,nan,erdafitinib,,,,0D,1
PA166272641,None,,,MET,PA30763,tepotinib,,,,0D,1
PA166273021,None,,,CYP2C19,PA124,mavacamten,PA166272922,,,0B,1
PA166277881,None,,,CHRNA1; CHRNA3; CHRNA4; CHRNA5; CHRNA6; CHRNA7; CHRNB1; CHRNE,nan,ravulizumab,,,,0B,1
PA166284101,CYP2C9*3,,,CYP2C9,PA126,erdafitinib,,,,0A,1
PA166277781,HLA-A*02:01,,,HLA-A,PA35055,tebentafusp,,,,0D,1
PA166278181,None,,,CBL; KRAS; NRAS; PTPN11,nan,azacitidine,PA451996,,,0B,1
PA166278202,None,,,KRAS; NRAS; PTPN11,nan,azacitidine,PA451996,,,0B,1
PA166284261,None,,,CYP2C9,PA126,fosphenytoin,PA164746820,,,0B,1
PA166278121,None,,,BRAF; CD274; LAG3,nan,relatlimab,,,,0B,1
PA166284282,None,,,CD33,PA26210,gemtuzumab ozogamicin,,,,0D,1
PA166278161,None,,,FOLH1,PA28205,lutetium (177lu) vipivotide tetraxetan,PA166278141,,,0D,1
PA166229921,None,,,NAT2,PA18,amifampridine,,,,0A,1
PA166273561,None,,,APOB; LDLR; PCSK9,nan,inclisiran,,,,0B,1
PA166283901,None,,,APOB; LDLR; PCSK9,nan,inclisiran,,,,0A,1
PA166273581,None,,,APOB; LDLR; PCSK9,nan,inclisiran,,,,0A,1
PA166273462,None,,,None,nan,lenvatinib,PA166153472,,,0B,1
PA166114482,None,,,BRAF,PA25408,vemurafenib,PA165946873,,,0D,1
PA166105195,None,,,CYB5R1; CYB5R2; CYB5R3; CYB5R4; G6PD,nan,metoclopramide,PA450475,,,0A,1
PA166159962,None,,,LDLR,PA227,alirocumab,,,,0B,1
PA166105211,None,,,CYP2D6,PA128,ondansetron,PA450705,,,0B,1
PA166182925,None,,,NAT2,PA18,amifampridine phosphate,,,,0A,1
PA166182952,None,,,UGT1A1,PA420,irinotecan,PA450085,,,0A,1
PA166183181,CYP2C9*1; CYP2C9*3,,,CYP2C9,PA126,lesinurad,PA166160006,,,0A,1
PA166182786,None,,,G6PD,PA28469,tolazamide,PA164774902,,,0A,1
PA166182948,rs113488022,,,BRAF,PA25408,encorafenib,PA166179872,,,0D,1
PA166184172,None,,,CYP2D6,PA128,Opium derivatives and expectorants,,,,0A,1
PA166182758,None,,,ESR1; ESR2; PGR,nan,goserelin,PA164747674,,,0B,1
PA166184113,None,,,G6PD,PA28469,perindopril arginine,,,,0A,1
PA166184121,None,,,G6PD,PA28469,chloroquine,PA448948,,,0A,1
PA166184125,CYP2C19*1; CYP2C19*2; CYP2C19*3; CYP2C19*4; CYP2C19*5; CYP2C19*6; CYP2C19*7; CYP2C19*8,,,CYP2C19,PA124,clopidogrel,PA449053,,,0A,1
PA166184129,None,,,IFNL3,PA134952671,daclatasvir,PA166128167,,,0B,1
PA166184132,None,,,IFNL3,PA134952671,dasabuvir,PA166163411,,,0A,1
PA166184443,CYP2B6*1; CYP2B6*6; rs3745274,,,CYP2B6,PA123,efavirenz,PA449441,,,0A,1
PA166184446,None,,,CYP2D6,PA128,escitalopram,PA10074,,,0B,1
PA166184429,rs4149056,,,SLCO1B1,PA134865839,simvastatin,PA451363,,,0C,1
PA166184447,None,,,CYP2D6,PA128,fesoterodine,PA165958376,,,0A,1
PA166184451,rs45445694,,,TYMS,PA359,fluorouracil,PA128406956,,,0A,1
PA166184455,None,,,CYP2D6,PA128,gefitinib,PA131301952,,,0A,1
PA166184457,None,,,G6PD,PA28469,gliclazide,PA10892,,,0A,1
PA166184374,None,,,CYP2D6,PA128,ibrutinib,PA166121346,,,0B,1
PA166184502,HLA-B*57:01,,,HLA-B,PA35056,lamivudine,PA450163,,,0D,1
PA166184112,None,,,NUDT15; TPMT,nan,azathioprine,PA448515,,,0A,1
PA166184427,rs2231142; rs4149056,,,ABCG2; SLCO1B1,nan,rosuvastatin,PA134308647,,,0A,1
PA166184383,HLA-DQA1*02:01; HLA-DRB1*07:01:01:01,,,HLA-DQA1; HLA-DRB1,nan,lapatinib,PA152241907,,,0A,1
PA166183789,None,,,G6PD,PA28469,metabutethamine,,,,0A,1
PA166184155,None,,,G6PD,PA28469,nitrofurantoin,PA450640,,,0A,1
PA166184160,None,,,CYP2D6,PA128,ondansetron,PA450705,,,0B,1
PA166184177,None,,,CYP2D6,PA128,oxycodone,PA450741,,,0A,1
PA166184220,None,,,CYP2D6,PA128,paliperidone,PA163518919,,,0B,1
PA166184286,None,,,G6PD,PA28469,perindopril,PA450877,,,0A,1
PA166184393,None,,,SLCO1B1,PA134865839,pitavastatin,,,,0A,1
PA166184396,None,,,CYP2C19,PA124,rabeprazole,PA451216,,,0A,1
PA166184421,None,,,CYP2D6,PA128,risperidone,PA451257,,,0B,1
PA166184500,rs4149056,,,SLCO1B1,PA134865839,simvastatin,PA451363,,,0C,1
PA166184389,None,,,G6PD,PA28469,sulfadiazine,PA451539,,,0A,1
PA166184392,None,,,CYP2D6,PA128,tamoxifen,PA451581,,,0A,1
PA166184391,None,,,G6PD,PA28469,sulfasalazine,PA451547,,,0A,1
PA166184425,None,,,CYP2D6,PA128,tolperisone,PA166152940,,,0A,1
PA166184422,None,,,CYP2D6,PA128,tetrabenazine,PA140222719,,,0D,1
PA166184236,None,,,CYP2D6,PA128,vilanterol,,,,0B,1
PA166184239,None,,,CYP2D6,PA128,vortioxetine,PA166122595,,,0A,1
PA166184386,rs2306283; rs4148323; rs4149032; rs4149056; UGT1A1*28,,,SLCO1B1; UGT1A1,nan,letermovir,,,,0B,1
PA166122971,None,,,CYP2D6,PA128,darifenacin,PA164774901,,,0A,1
PA166122592,rs12979860,,,IFNL3,PA134952671,simeprevir,PA166122590,,,0B,1
PA166119823,None,,,EGFR,PA7360,afatinib,PA165981154,,,0D,1
PA166122967,None,,,CYP2D6,PA128,fesoterodine,PA165958376,,,0A,1
PA166122972,None,,,CYP2D6,PA128,fesoterodine,PA165958376,,,0A,1
PA166105148,None,,,G6PD,PA28469,glipizide,PA449762,,,0A,1
PA166114931,rs121913459,,,ABL1; BCR,nan,ponatinib,PA165980594,,,0D,1
PA166230001,rs121908585,,,PDGFRA,PA33147,avapritinib,,,,0D,1
PA166114907,None,,,ABL1; BCR,nan,bosutinib,,,,0D,1
PA166105117,CYP2B6*6,,,CYP2B6,PA123,efavirenz,PA449441,,,0A,1
PA166105147,None,,,G6PD,PA28469,glimepiride,PA449761,,,0A,1
PA166122589,None,,,MS4A1,PA31111,afutuzumab,,,,0B,1
PA166114923,None,,,APOB; LDLR; PCSK9,nan,lomitapide,,,,0D,1
PA166114921,None,,,MS4A1,PA31111,ibritumomab,,,,0B,1
PA166105012,None,,,CYP2C19,PA124,escitalopram,PA10074,,,0A,1
PA166105010,None,,,CYP2D6,PA128,duloxetine,PA10066,,,0A,1
PA166105113,None,,,CYP2D6,PA128,donepezil,PA449394,,,0A,1
PA166122947,None,,,CYP2D6,PA128,ranolazine,PA164746007,,,0A,1
PA166121326,HLA-B*57:01:01,,,HLA-B,PA35056,pazopanib,,,,0A,1
PA166122966,None,,,CYP2D6,PA128,darifenacin,PA164774901,,,0A,1
PA166122067,None,,,ABL1; BCR,nan,ponatinib,PA165980594,,,0D,1
PA166122548,None,,,GBA,PA28591,velaglucerase alfa,,,,0D,1
PA166105319,None,,,KRAS; NRAS,nan,panitumumab,,,,0D,1
PA166121252,None,,,MS4A1,PA31111,ofatumumab,,,,0B,1
PA166122487,None,,,CYP2D6,PA128,propranolol,PA451145,,,0B,1
PA166122547,None,,,ERBB2,PA27844,trastuzumab emtansine,,,,0D,1
PA166104878,None,,,G6PD,PA28469,methylene blue,,,,0A,1
PA166104834,None,,,None,nan,lenalidomide,PA162363968,,,0D,1
PA166104844,None,,,EGFR,PA7360,erlotinib,PA134687924,,,0D,1
PA166104852,None,,,CYP2C19,PA124,citalopram,PA449015,,,0A,1
PA166104838,None,,,NUDT15; TPMT,nan,thioguanine,PA451663,,,0C,1
PA166115365,rs113488022,,,BRAF,PA25408,trametinib,PA166115364,,,0D,1
PA166104858,rs113488022,,,BRAF,PA25408,vemurafenib,PA165946873,,,0D,1
PA166104841,None,,,CYP2C19,PA124,clopidogrel,PA449053,,,0A,1
PA166104867,rs12979860,,,IFNL3,PA134952671,telaprevir,PA165958354,,,0A,1
PA166104886,None,,,CYP2D6,PA128,quinidine,PA451209,,,0C,1
PA166127706,None,,,CYP2C19,PA124,rabeprazole,PA451216,,,0A,1
PA166127634,None,,,LDLR,PA227,atorvastatin,PA448500,,,0B,1
PA166115363,None,,,G6PD,PA28469,succimer,PA451521,,,0B,1
PA166104863,None,,,CYP2C19,PA124,dexlansoprazole,PA166110257,,,0A,1
PA166104856,None,,,CYP2D6,PA128,amitriptyline,PA448385,,,0A,1
PA166104828,None,,,NAT2,PA18,isosorbide dinitrate,PA450125,,,0B,1
PA166104848,None,,,CYP2C19,PA124,rabeprazole,PA451216,,,0A,1
PA166104875,None,,,CYP2D6,PA128,clomipramine,PA449048,,,0A,1
PA166117941,None,,,ABL1; BCR,nan,bosutinib,,,,0D,1
PA166127641,None,,,ABL1; BCR,nan,bosutinib,,,,0D,1
PA166127702,None,,,CYB5R1; CYB5R2; CYB5R3; CYB5R4; G6PD,nan,primaquine,PA451103,,,0A,1
PA166104881,None,,,G6PD,PA28469,glyburide,PA449782,,,0A,1
PA166104877,None,,,HPRT1,PA29427,mycophenolic acid,PA164748728,,,0A,1
PA166104831,UGT1A1*28,,,UGT1A1,PA420,irinotecan,PA450085,,,0A,1
PA166104799,None,,,CYP2D6,PA128,tramadol,PA451735,,,0A,1
PA166104793,None,,,CYP2D6,PA128,risperidone,PA451257,,,0B,1
PA166104920,None,,,ERBB2,PA27844,trastuzumab,,,,0D,1
PA166104788,None,,,CYP2D6,PA128,olanzapine,PA450688,,,0A,1
PA166104866,None,,,APOE,PA55,pravastatin,PA451089,,,0B,1
PA166104902,None,,,G6PD,PA28469,sulfadiazine,PA451539,,,0A,1
PA166114481,None,,,ERBB2,PA27844,trastuzumab,,,,0D,1
PA166104837,None,,,CYP2D6,PA128,propafenone,PA451131,,,0A,1
PA166104857,None,,,CYP2D6,PA128,trimipramine,PA451791,,,0A,1
PA166104847,None,,,CYP2D6,PA128,venlafaxine,PA451866,,,0A,1
PA166104816,None,,,CYP2C19,PA124,esomeprazole,PA10075,,,0A,1
PA166104783,None,,,CYB5R1; CYB5R2; CYB5R3; CYB5R4,nan,rasburicase,,,,0B,1
PA166114944,None,,,EGFR; KRAS; VEGFA,nan,regorafenib,,,,0B,1
PA166127633,None,,,CYP2D6,PA128,atomoxetine,PA134688071,,,0A,1
PA166127707,None,,,G6PD,PA28469,rasburicase,,,,0C,1
PA166159707,None,,,CYP2C19,PA124,atazanavir,PA10251,,,0B,1
PA166182931,None,,,ALK,PA24719,brigatinib,PA166163482,,,0D,1
PA166170932,rs113488022,,,BRAF,PA25408,pembrolizumab,,,,0B,1
PA166121327,None,,,G6PD,PA28469,pegloticase,,,,0D,1
PA166105315,None,,,CYP3A4,PA130,nelfinavir,PA450606,,,0B,1
PA166114905,None,,,TNFSF13B,PA434,belimumab,,,,0B,1
PA166114378,None,,,IFNL3,PA134952671,telaprevir,PA165958354,,,0A,1
PA166114913,None,,,G6PD,PA28469,dabrafenib,,,,0A,1
PA166115435,None,,,CYP2D6,PA128,timolol,PA451690,,,0B,1
PA166122066,None,,,ERBB2,PA27844,pertuzumab,,,,0D,1
PA166122969,None,,,None,nan,vardenafil,PA10229,,,0B,1
PA166122907,None,,,RET,PA34335,vandetanib,PA166118341,,,0C,1
PA166105059,None,,,MS4A1,PA31111,ofatumumab,,,,0B,1
PA166105070,None,,,ESR1; ESR2; PGR,nan,anastrozole,PA448432,,,0D,1
PA166119826,None,,,BRAF,PA25408,dabrafenib,,,,0D,1
PA166114941,None,,,LDLR,PA227,pravastatin,PA451089,,,0B,1
PA166121250,None,,,APOB; LDLR; PCSK9,nan,lomitapide,,,,0D,1
PA166114317,None,,,ASS1; CPS1; OTC,nan,sodium phenylbutyrate,PA166114316,,,0D,1
PA166122826,None,,,CYP2C19; CYP2C9; CYP3A4,nan,voriconazole,PA10233,,,0B,1
PA166120286,None,,,CYP2C19,PA124,esomeprazole,PA10075,,,0B,1
PA166127635,None,,,TPMT,PA356,azathioprine,PA448515,,,0A,1
PA166127640,None,,,IFNL3,PA134952671,boceprevir,PA165948902,,,0B,1
PA166127644,None,,,DPYD,PA145,capecitabine,PA448771,,,0A,1
PA166127646,None,,,CYP2D6,PA128,carvedilol,PA448817,,,0A,1
PA166127647,None,,,CYP2C9,PA126,celecoxib,PA448871,,,0A,1
PA166127649,None,,,G6PD,PA28469,chlorpropamide,PA448966,,,0A,1
PA166127650,None,,,CYP2C19,PA124,citalopram,PA449015,,,0A,1
PA166127700,None,,,ERBB2,PA27844,pertuzumab,,,,0D,1
PA166127701,None,,,HLA-B,PA35056,phenytoin,PA450947,,,0C,1
PA166127704,None,,,CYP2D6,PA128,propafenone,PA451131,,,0A,1
PA166127705,None,,,G6PD,PA28469,quinine,PA451213,,,0A,1
PA166105321,None,,,CYP2B6; CYP2C19; CYP2C9; CYP3A5,nan,prasugrel,PA154410481,,,0B,1
PA166127708,None,,,CYP2D6,PA128,risperidone,PA451257,,,0B,1
PA166127709,None,,,LDLR,PA227,rosuvastatin,PA134308647,,,0A,1
PA166122546,None,,,MS4A1,PA31111,rituximab,,,,0B,1
PA166104794,None,,,ARG1; ASL; ASS1; CPS1; NAGS; OTC,nan,sodium phenylacetate,,,,0B,1
PA166104778,None,,,ALK,PA24719,brentuximab vedotin,,,,0B,1
PA166104782,None,,,NUDT15; TPMT,nan,azathioprine,PA448515,,,0C,1
PA166104795,None,,,ABL1; BCR,nan,busulfan,PA448691,,,0A,1
PA166104780,None,,,HLA-B,PA35056,carbamazepine,PA448785,,,0D,1
PA166104786,None,,,G6PD,PA28469,chloroquine,PA448948,,,0A,1
PA166104777,None,,,CYP2C19,PA124,clopidogrel,PA449053,,,0A,1
PA166104785,rs121434568,,,EGFR,PA7360,erlotinib,PA134687924,,,0D,1
PA166104775,None,,,LDLR,PA227,atorvastatin,PA448500,,,0B,1
PA166104779,None,,,ADRB2,PA39,indacaterol,PA165958348,,,0B,1
PA166104789,rs121434568,,,EGFR,PA7360,gefitinib,PA131301952,,,0D,1
PA166104796,None,,,ERBB2,PA27844,trastuzumab emtansine,,,,0D,1
PA166104781,None,,,ABL1; BCR,nan,dasatinib,PA162372878,,,0D,1
PA166104784,None,,,CYP2C19,PA124,diazepam,PA449283,,,0A,1
PA166105023,rs4149056,,,SLCO1B1,PA134865839,rosuvastatin,PA134308647,,,0A,1
PA166104790,None,,,ABL1; BCR; FIP1L1; KIT; PDGFRA; PDGFRB,nan,imatinib,PA10804,,,0D,1
PA166104791,None,,,ERBB2; ESR1; ESR2; PGR,nan,lapatinib,PA152241907,,,0D,1
PA166104792,None,,,ESR1; ESR2; PGR,nan,fulvestrant,PA164747170,,,0D,1
PA166104800,None,,,UGT1A1,PA420,indacaterol,PA165958348,,,0B,1
PA166104803,None,,,CCR5,PA26170,maraviroc,PA164768835,,,0B,1
PA166104827,None,,,CYP2D6,PA128,atomoxetine,PA134688071,,,0A,1
PA166104843,CYP2C9*3,,,CYP2C9,PA126,celecoxib,PA448871,,,0A,1
PA166104811,None,,,CYP2D6,PA128,quinidine,PA451209,,,0B,1
PA166104814,None,,,CYP2C19,PA124,ethinyl estradiol,PA449527,,,0B,1
PA166104833,HLA-B*57:01:01,,,HLA-B,PA35056,abacavir,PA448004,,,0D,1
PA166114903,rs121434568,,,EGFR,PA7360,afatinib,PA165981154,,,0D,1
PA166104869,None,,,CYP2D6,PA128,galantamine,PA449726,,,0B,1
PA166104822,None,,,CYP2D6,PA128,terbinafine,PA451614,,,0B,1
PA166104839,None,,,CYP2D6,PA128,aripiprazole,PA10026,,,0A,1
PA166104830,None,,,CYP2D6,PA128,tiotropium,PA164769056,,,0B,1
PA166104835,None,,,CYP2D6,PA128,fluoxetine,PA449673,,,0B,1
PA166104884,None,,,CYP2C19,PA124,clobazam,PA10888,,,0A,1
PA166114908,None,,,NAGS,PA134968729,carglumic acid,PA165958402,,,0D,1
PA166104880,None,,,CYP2D6,PA128,nefazodone,PA450603,,,0B,1
PA166104832,None,,,CYP2C19,PA124,carisoprodol,PA448809,,,0A,1
PA166104851,None,,,CYP2C19,PA124,ticagrelor,PA165374673,,,0B,1
PA166104853,None,,,TPMT,PA356,cisplatin,PA449014,,,0B,1
PA166104855,rs12979860,,,IFNL3,PA134952671,boceprevir,PA165948902,,,0B,1
PA166104887,None,,,CYP2D6,PA128,iloperidone,,,,0A,1
PA166104868,None,,,CYP2D6,PA128,modafinil,PA450530,,,0A,1
PA166104872,None,,,IFNL3,PA134952671,boceprevir,PA165948902,,,0A,1
PA166104815,None,,,CYP2D6,PA128,clozapine,PA449061,,,0A,1
PA166104882,None,,,None,nan,desloratadine,PA164776964,,,0B,1
PA166104885,None,,,G6PD,PA28469,norfloxacin,PA450654,,,0A,1
PA166123048,None,,,CYP3A4,PA130,cabazitaxel,PA165958401,,,0B,1
PA166104829,None,,,CYP2D6,PA128,tetrabenazine,PA140222719,,,0D,1
PA166104883,None,,,IL2RA,PA29828,denileukin diftitox,,,,0D,1
PA166104889,None,,,ERBB2,PA27844,pertuzumab,,,,0D,1
PA166104890,rs113993958; rs115545701; rs11971167; rs121908752; rs121908753; rs121908755; rs121908757; rs121909013; rs121909020; rs121909041; rs141033578; rs150212784; rs186045772; rs193922525; rs200321110; rs202179988; rs267606723; rs368505753; rs397508256; rs397508288; rs397508387; rs397508442; rs397508513; rs397508537; rs397508761; rs74503330; rs74551128; rs75039782; rs75527207; rs75541969; rs76151804; rs77834169; rs77932196; rs78655421; rs78769542; rs80224560; rs80282562,,,CFTR,PA109,ivacaftor,PA165950341,,,0D,1
PA166104891,None,,,G6PD,PA28469,nalidixic acid,PA164746384,,,0A,1
PA166104805,None,,,CYP2D6,PA128,thioridazine,PA451666,,,0A,1
PA166104870,None,,,CYP2D6,PA128,pimozide,PA450965,,,0D,1
PA166104801,rs12979860,,,IFNL3,PA134952671,peginterferon alfa-2b,,,,0A,1
PA166104802,None,,,DPYD,PA145,capecitabine,PA448771,,,0C,1
PA166104862,None,,,CYP2D6,PA128,desipramine,PA449233,,,0A,1
PA166104876,None,,,G6PD,PA28469,primaquine,PA451103,,,0D,1
PA166104879,None,,,CYP2D6,PA128,imipramine,PA449969,,,0A,1
PA166104813,None,,,CYP2D6,PA128,carvedilol,PA448817,,,0A,1
PA166104825,None,,,OTC,PA32840,valproic acid,PA451846,,,0A,1
PA166104850,None,,,NAT2,PA18,rifampin,PA451250,,,0B,1
PA166104806,None,,,CYP2D6,PA128,tolterodine,PA164746757,,,0A,1
PA166104854,None,,,CYP2D6,PA128,fluvoxamine,PA449690,,,0A,1
PA166104888,None,,,CYP2D6,PA128,nortriptyline,PA450657,,,0A,1
PA166104864,None,,,CYP2D6,PA128,paroxetine,PA450801,,,0B,1
PA166104798,None,,,CYP2D6,PA128,propranolol,PA451145,,,0B,1
PA166104812,None,,,CYP2D6,PA128,protriptyline,PA451168,,,0A,1
PA166104836,None,,,CYP2D6,PA128,metoprolol,PA450480,,,0B,1
PA166104808,None,,,CYP2C19; CYP3A,nan,nelfinavir,PA450606,,,0B,1
PA166104905,"DPYD c.1129-5923C>G, c.1236G>A (HapB3); DPYD c.1679T>G (*13); DPYD c.1905+1G>A (*2A); DPYD c.2846A>T",,,DPYD,PA145,capecitabine,PA448771,,,0C,1
PA166104916,None,,,CYP2D6,PA128,codeine,PA449088,,,0A,1
PA166104896,HLA-B*57:01:01,,,HLA-B,PA35056,abacavir,PA448004,,,0D,1
PA166104894,None,,,G6PD,PA28469,rasburicase,,,,0A,1
PA166104895,None,,,G6PD,PA28469,sulfisoxazole acetyl,,,,0A,1
PA166104898,None,,,CYP2C19,PA124,lansoprazole,PA450180,,,0B,1
PA166104899,None,,,CYP2D6,PA128,aripiprazole,PA10026,,,0A,1
PA166104903,None,,,G6PD,PA28469,nitrofurantoin,PA450640,,,0A,1
PA166104904,None,,,TNFRSF8,PA36616,brentuximab vedotin,,,,0D,1
PA166104906,None,,,G6PD,PA28469,probenecid,PA451106,,,0A,1
PA166104897,None,,,G6PD,PA28469,moviprep,,,,0A,1
PA166104922,None,,,CYP2C9,PA126,flurbiprofen,PA449683,,,0A,1
PA166104900,None,,,G6PD,PA28469,pegloticase,,,,0D,1
PA166104901,None,,,CYP2C19,PA124,pantoprazole,PA450774,,,0A,1
PA166104927,None,,,None,nan,lenalidomide,PA162363968,,,0B,1
PA166104928,None,,,CFTR,PA109,ivacaftor,PA165950341,,,0D,1
PA166104930,None,,,EGFR,PA7360,gefitinib,PA131301952,,,0D,1
PA166104893,None,,,CYP2D6,PA128,perphenazine,PA450882,,,0A,1
PA166104921,None,,,CYP2C19,PA124,omeprazole,PA450704,,,0A,1
PA166104908,None,,,EGFR; KRAS; NRAS,nan,cetuximab,,,,0D,1
PA166114928,None,,,LDLR,PA227,mipomersen,,,,0B,1
PA166104923,None,,,ESR1; ESR2; PGR,nan,exemestane,PA449563,,,0D,1
PA166182768,None,,,FLT3,PA28181,gilteritinib,,,,0D,1
PA166179887,UGT1A1*28,,,UGT1A1,PA420,raltegravir,,,,0B,1
PA166119824,None,,,TNFSF13B,PA434,belimumab,,,,0B,1
PA166119827,None,,,CYP2D6,PA128,quinidine,PA451209,,,0A,1
PA166122968,None,,,None,nan,sildenafil,PA451346,,,0B,1
PA166122970,None,,,BCHE; CACNA1S; RYR1,nan,succinylcholine,PA451522,,,0A,1
PA166122488,None,,,KRAS,PA30196,regorafenib,,,,0A,1
PA166114382,None,,,CYP2C19,PA124,ticagrelor,PA165374673,,,0A,1
PA166114926,None,,,G6PD,PA28469,mafenide,,,,0A,1
PA166114930,None,,,ABL1; BCR,nan,homoharringtonine,,,,0B,1
PA166119825,None,,,NAGS,PA134968729,carglumic acid,PA165958402,,,0D,1
PA166105240,None,,,MS4A1,PA31111,rituximab,,,,0B,1
PA166105058,HLA-B*57:01:01; UGT1A1*28,,,HLA-B; UGT1A1,nan,pazopanib,,,,0A,1
PA166121246,None,,,MS4A1,PA31111,ibritumomab,,,,0B,1
PA166121251,rs116855232,,,NUDT15; TPMT,nan,mercaptopurine,PA450379,,,0A,1
PA166122594,rs12979860,,,IFNL3,PA134952671,sofosbuvir,PA166122593,,,0B,1
PA166151881,None,,,G6PD,PA28469,rasburicase,,,,0D,1
PA166160289,None,,,CYP2C19,PA124,brivaracetam,PA166153491,,,0A,1
PA166185194,None,,,ESR1; ESR2,nan,raloxifene,PA451221,,,0B,1
PA166151882,None,,,HLA-A,PA35055,carbamazepine,PA448785,,,0A,1
PA166159064,None,,,GALNS,PA28535,elosulfase alfa,,,,0D,1
PA166159938,None,,,TNFSF13B,PA434,belimumab,,,,0B,1
PA166160288,None,,,TNFRSF8,PA36616,brentuximab vedotin,,,,0B,1
PA166151878,HLA-DQA1*02:01; HLA-DRB1*07:01:01:01,,,HLA-DQA1; HLA-DRB1,nan,lapatinib,PA152241907,,,0A,1
PA166183246,None,,,EGFR,PA7360,osimertinib,PA166131626,,,0D,1
PA166182744,None,,,ALK,PA24719,lorlatinib,,,,0D,1
PA166182749,None,,,F2; F5; PROC; PROS1; SERPINC1,nan,lusutrombopag,,,,0A,1
PA166182727,None,,,IDH1,PA29630,ivosidenib,,,,0D,1
PA166182751,None,,,CYB5R3; G6PD,nan,mepivacaine,PA164748741,,,0A,1
PA166182765,None,,,G6PD,PA28469,flutamide,PA449685,,,0A,1
PA166182747,None,,,ROS1,PA34633,lorlatinib,,,,0B,1
PA166182730,None,,,CYP2D6,PA128,amphetamine,PA448408,,,0B,1
PA166182724,None,,,ERBB2; ESR1; ESR2; PGR,nan,ixabepilone,PA165110439,,,0B,1
PA166181925,None,,,CYP2D6,PA128,tamoxifen,PA451581,,,0A,1
PA166182940,None,,,AKR1D1; AMACR; CYP27A1; CYP7A1; HSD3B7,nan,cholic acid,PA166160055,,,0D,1
PA166182787,None,,,G6PD,PA28469,tolbutamide,PA451718,,,0A,1
PA166182726,None,,,F5,PA159,rivaroxaban,,,,0B,1
PA166182725,None,,,ERBB2; ESR1; ESR2; PGR,nan,eribulin,,,,0B,1
PA166182750,None,,,ESR1; ESR2,nan,toremifene,PA451731,,,0D,1
PA166160121,rs113488022,,,BRAF; ERBB2,nan,nivolumab,,,,0B,1
PA166160021,None,,,RET,PA34335,cabozantinib,,,,0B,1
PA166178750,None,,,CYP2D6,PA128,metoclopramide,PA450475,,,0A,1
PA166170958,None,,,POLG,PA33500,valproic acid,PA451846,,,0D,1
PA166170957,None,,,HRAS; KRAS; NRAS,nan,vemurafenib,PA165946873,,,0B,1
PA166182734,None,,,NTRK1; NTRK2; NTRK3,nan,larotrectinib sulfate,,,,0D,1
PA166182737,None,,,CYB5R3; G6PD,nan,lidocaine and tetracaine,,,,0A,1
PA166160061,None,,,MYCN,PA31359,dinutuximab,,,,0B,1
PA166160052,None,,,CYP2D6,PA128,palonosetron,PA10352,,,0B,1
PA166129553,None,,,UGT1A1,PA420,belinostat,,,,0A,1
PA166182941,None,,,BRAF,PA25408,cobimetinib,PA166160044,,,0D,1
PA166182943,None,,,UGT1A1,PA420,dolutegravir,PA166114961,,,0A,1
PA166182944,None,,,CYP2D6,PA128,duloxetine,PA10066,,,0A,1
PA166182762,rs4149056,,,SLCO1B1,PA134865839,elagolix,,,,0A,1
PA166160133,None,,,ERBB2; ESR1; ESR2,nan,palbociclib,PA166153469,,,0D,1
PA166183424,None,,,CYP1A2; CYP2D6,nan,rucaparib,PA166163418,,,0B,1
PA166129528,None,,,G6PD,PA28469,sodium nitrite,PA166115361,,,0A,1
PA166182729,None,,,CYP2D6,PA128,amoxapine,PA448405,,,0A,1
PA166183621,None,,,G6PD,PA28469,mefloquine,PA450348,,,0B,1
PA166183593,CYP2C9*2; CYP2C9*3,,,CYP2C9,PA126,acenocoumarol,PA452632,,,0A,1
PA166160051,None,,,ALK,PA24719,alectinib,PA166160050,,,0D,1
PA166182742,None,,,BRCA1; BRCA2,nan,talazoparib,,,,0D,1
PA166182752,None,,,ERBB2,PA27844,talazoparib,,,,0D,1
PA166182755,None,,,ABL1; BCR,nan,vincristine,PA451879,,,0D,1
PA166151974,None,,,UGT1A1,PA420,nilotinib,PA165958345,,,0A,1
PA166160049,None,,,CYP2C19,PA124,lacosamide,PA166160048,,,0B,1
PA166184238,None,,,CYP2C19,PA124,voriconazole,PA10233,,,0A,1
PA166160010,None,,,UGT1A1,PA420,dolutegravir,PA166114961,,,0A,1
PA166184404,None,,,CYP2D6; CYP3A4,nan,tamsulosin,PA451583,,,0A,1
PA166182728,None,,,CYB5R3; G6PD,nan,ropivacaine,PA451271,,,0A,1
PA166183590,CYP3A5*1,,,CYP3A5,PA131,maraviroc,PA164768835,,,0A,1
PA166163435,None,,,PDGFRA,PA33147,olaratumab,,,,0B,1
PA166163439,None,,,IFNL3,PA134952671,grazoprevir,PA166163437,,,0B,1
PA166169920,None,,,BRCA1; BRCA2,nan,niraparib,PA166131610,,,0B,1
PA166182949,None,,,UGT1A1,PA420,erlotinib,PA134687924,,,0A,1
PA166183219,None,,,CYP2D6,PA128,mirabegron,,,,0B,1
PA166177479,None,,,CYP2D6,PA128,cariprazine,,,,0B,1
PA166183442,None,,,RET,PA34335,vandetanib,PA166118341,,,0C,1
PA166183441,None,,,CYP2D6,PA128,umeclidinium,,,,0B,1
PA166183563,HLA-B*57:01:01,,,HLA-B,PA35056,abacavir,PA448004,,,0D,1
PA166177514,None,,,CYP2D6,PA128,mirabegron,,,,0A,1
PA166183243,None,,,BRCA1; BRCA2; ERBB2,nan,olaparib,,,,0D,1
PA166163431,None,,,CYB5R1; CYB5R2; CYB5R3; CYB5R4,nan,isosorbide mononitrate,PA450126,,,0B,1
PA166177509,None,,,CYP2C19; CYP2D6,nan,formoterol,PA134687907,,,0B,1
PA166183423,None,,,BRCA1; BRCA2,nan,rucaparib,PA166163418,,,0D,1
PA166170929,None,,,CYP2D6,PA128,gefitinib,PA131301952,,,0A,1
PA166160672,None,,,CYP2D6,PA128,tamsulosin,PA451583,,,0A,1
PA166182766,CYP2C9*2; CYP2C9*3; HLA-B*15:02:01,,,CYP2C19; CYP2C9; HLA-B,nan,fosphenytoin,PA164746820,,,0A,1
PA166170937,None,,,G6PD,PA28469,trametinib,PA166115364,,,0B,1
PA166182928,rs113488022,,,BRAF,PA25408,binimetinib,PA166179867,,,0D,1
PA166182932,None,,,CYP2C19,PA124,brivaracetam,PA166153491,,,0A,1
PA166182934,None,,,TPP1,PA26600,cerliponase alfa,,,,0D,1
PA166182942,None,,,EGFR,PA7360,dacomitinib,,,,0D,1
PA166182953,None,,,CFTR,PA109,lumacaftor,PA166114483,,,0D,1
PA166182954,None,,,CFTR,PA109,tezacaftor,PA165950341,,,0D,1
PA166161536,None,,,CYP2C19,PA124,atazanavir,PA10251,,,0A,1
PA166184917,None,,,CYP2C9,PA126,avatrombopag,PA166179849,,,0B,1
PA166160668,HLA-B*58:01,,,HLA-B,PA35056,allopurinol,PA448320,,,0B,1
PA166170934,None,,,CYB5R1; CYB5R2; CYB5R3; CYB5R4,nan,primaquine,PA451103,,,0A,1
PA166159963,None,,,ABL1; BCR; CD19,nan,blinatumomab,,,,0B,1
PA166182739,None,,,G6PD,PA28469,tafenoquine,PA166115580,,,0D,1
PA166182757,None,,,TTR,PA37069,inotersen,,,,0B,1
PA166183184,None,,,ALK,PA24719,lorlatinib,,,,0D,1
PA166183200,None,,,FLT3,PA28181,midostaurin,,,,0D,1
PA166182890,None,,,ESR1; ESR2; PGR; PPP2R2A,nan,olaparib,,,,0B,1
PA166160009,None,,,ALK; CD274; EGFR; ERBB2,nan,pembrolizumab,,,,0D,1
PA166160007,None,,,CYP2C9,PA126,lesinurad,PA166160006,,,0A,1
PA166160005,None,,,IFNL3,PA134952671,ritonavir,PA451260,,,0B,1
PA166177516,None,,,ERBB2,PA27844,neratinib,,,,0D,1
PA166177518,None,,,IFNL3,PA134952671,voxilaprevir,PA166163415,,,0B,1
PA166159586,None,,,ABCB1,PA267,aliskiren,PA143487910,,,0B,1
PA166177512,None,,,ABL1; BCR,nan,inotuzumab ozogamicin,,,,0B,1
PA166183784,None,,,NAT2,PA18,amifampridine phosphate,,,,0A,1
PA166182719,HLA-A*02:01,,,HLA-A,PA35055,ipilimumab,,,,0B,1
PA166183782,None,,,G6PD,PA28469,aspirin,PA448497,,,0A,1
PA166184636,None,,,ERBB2; KRAS,nan,trifluridine,PA451775,,,0B,1
PA166184232,None,,,CYP2D6,PA128,venlafaxine,PA451866,,,0A,1
PA166182769,None,,,G6PD,PA28469,hydroxychloroquine,PA164777036,,,0A,1
PA166185180,None,,,SMN2,PA35967,nusinersen,,,,0B,1
PA166159584,None,,,MS4A1,PA31111,afutuzumab,,,,0B,1
PA166182788,None,,,G6PD,PA28469,tolbutamide,PA451718,,,0A,1
PA166169918,None,,,FLT3,PA28181,midostaurin,,,,0D,1
PA166185151,None,,,NAT2,PA18,amifampridine,,,,0A,1
PA166183249,None,,,ALK; CD274; EGFR; ERBB2,nan,pembrolizumab,,,,0D,1
PA166170939,None,,,ESR1; ESR2; PGR,nan,trastuzumab,,,,0A,1
PA166182764,None,,,PRF1; RAB27A; SH2D1A; STX11; STXBP2; UNC13D; XIAP,nan,emapalumab,,,,0B,1
PA166170930,None,,,HRAS; KRAS; NRAS,nan,dabrafenib,,,,0B,1
PA166169877,None,,,CD274,PA134915280,avelumab,,,,0D,1
PA166169880,None,,,TPP1,PA26600,cerliponase alfa,,,,0D,1
PA166177521,None,,,CYP2D6,PA128,umeclidinium,,,,0B,1
PA166183248,None,,,CYP2D6,PA128,palonosetron,PA10352,,,0B,1
PA166183251,None,,,UGT1A1,PA420,raltegravir,,,,0B,1
PA166163417,rs12979860,,,IFNL3,PA134952671,velpatasvir,PA166163415,,,0B,1
PA166183247,None,,,ERBB2; ESR1; ESR2; PGR,nan,palbociclib,PA166153469,,,0D,1
PA166183783,HLA-B*58:01,,,HLA-B,PA35056,allopurinol,PA448320,,,0A,1
PA166184754,None,,,NAT2,PA18,procainamide,PA451108,,,0B,1
PA166163433,None,,,DMD,PA27378,eteplirsen,,,,0D,1
PA166184524,None,,,ERBB2; ESR1; ESR2; PIK3CA,nan,alpelisib,,,,0D,1
PA166183209,None,,,GLA,PA28707,migalastat,,,,0D,1
PA166184565,None,,,TTR,PA37069,tafamidis,,,,0B,1
PA166184539,None,,,CYP2D6,PA128,paliperidone,PA163518919,,,0B,1
PA166184561,None,,,KRAS,PA30196,ramucirumab,,,,0B,1
PA166183172,HLA-DQA1*02:01; HLA-DRB1*07:01:01:01,,,HLA-DQA1; HLA-DRB1,nan,lapatinib,PA152241907,,,0A,1
PA166183220,None,,,ERBB2; ESR1; ESR2; PGR,nan,neratinib,,,,0D,1
PA166182722,CYP2C9*3,,,CYP2C9,PA126,erdafitinib,,,,0A,1
PA166182886,None,,,GLA,PA28707,migalastat,,,,0D,1
PA166182961,None,,,None,nan,duvelisib,,,,0B,1
PA166163412,None,,,IFNL3,PA134952671,ritonavir,PA451260,,,0B,1
PA166163414,None,,,IL12A; IL12B; IL23A,nan,ustekinumab,,,,0B,1
PA166177486,None,,,IDH2,PA29631,enasidenib,,,,0D,1
PA166177483,None,,,CYP2D6,PA128,desvenlafaxine,PA165958374,,,0B,1
PA166170933,None,,,ESR1; ESR2; PGR,nan,pertuzumab,,,,0A,1
PA166160153,None,,,CYP2C9,PA126,celecoxib,PA448871,,,0A,1
PA166160226,None,,,CYP2D6,PA128,codeine,PA449088,,,0A,1
PA166160683,None,,,G6PD,PA28469,dapsone,PA449211,,,0A,1
PA166160162,None,,,CYP2B6,PA123,efavirenz,PA449441,,,0A,1
PA166160712,None,,,CYP2D6,PA128,fesoterodine,PA165958376,,,0A,1
PA166160717,None,,,CYP2A6,PA121,letrozole,PA450196,,,0A,1
PA166160719,None,,,G6PD,PA28469,nalidixic acid,PA164746384,,,0A,1
PA166160845,None,,,CYP2D6,PA128,perphenazine,PA450882,,,0A,1
PA166160846,None,,,CYP2C19,PA124,rabeprazole,PA451216,,,0A,1
PA166160847,None,,,G6PD,PA28469,sulfadiazine,PA451539,,,0A,1
PA166160848,None,,,G6PD,PA28469,trimethoprim,PA451788,,,0A,1
PA166160849,None,,,G6PD,PA28469,sulfasalazine,PA451547,,,0A,1
PA166160850,None,,,CYP2D6,PA128,tetrabenazine,PA140222719,,,0A,1
PA166160854,None,,,G6PD,PA28469,moviprep,,,,0A,1
PA166160856,None,,,CYP2C19,PA124,voriconazole,PA10233,,,0A,1
PA166160709,None,,,CYP2D6,PA128,eliglustat,PA166123486,,,0D,1
PA166160710,None,,,EGFR,PA7360,erlotinib,PA134687924,,,0D,1
PA166160851,None,,,BRAF,PA25408,vemurafenib,PA165946873,,,0D,1
PA166161087,None,,,NAT2,PA18,isoniazid,PA450112,,,0B,1
PA166160720,None,,,CYP2C19,PA124,omeprazole,PA450704,,,0B,1
PA166160669,None,,,CYP2C19; CYP2D6,nan,escitalopram,PA10074,,,0A,1
PA166179871,None,,,UGT1A1,PA420,binimetinib,PA166179867,,,0B,1
PA166179870,rs113488022,,,BRAF,PA25408,binimetinib,PA166179867,,,0D,1
PA166152939,rs113993960,,,CFTR,PA109,lumacaftor,PA166114483,,,0D,1
PA166179848,None,,,CYP2D6,PA128,lofexidine,PA164744510,,,0A,1
PA166179847,rs113993958; rs113993960; rs115545701; rs11971167; rs121908752; rs121908753; rs121909020; rs141033578; rs150212784; rs186045772; rs202179988; rs368505753; rs397508256; rs397508288; rs397508387; rs397508442; rs397508513; rs397508537; rs397508759; rs397508761; rs74551128; rs75039782; rs75541969; rs76151804; rs77834169; rs77932196,,,CFTR,PA109,tezacaftor,PA165950341,,,0D,1
PA166151853,None,,,UGT1A1,PA420,nilotinib,PA165958345,,,0A,1
PA166183881,None,,,BCHE,PA25294,mivacurium,PA450528,,,0A,1
PA166182929,None,,,UGT1A1,PA420,binimetinib,PA166179867,,,0B,1
PA166182947,None,,,GALNS,PA28535,elosulfase alfa,,,,0D,1
PA166184127,None,,,CYP2D6,PA128,codeine,PA449088,,,0D,1
PA166184128,None,,,G6PD,PA28469,codeine,PA449088,,,0A,1
PA166184109,None,,,CYP2D6,PA128,aripiprazole,PA10026,,,0A,1
PA166184115,HLA-A*31:01:02,,,HLA-A,PA35055,carbamazepine,PA448785,,,0C,1
PA166184118,None,,,CYP2D6,PA128,carvedilol,PA448817,,,0B,1
PA166184119,CYP2C9*1; CYP2C9*3,,,CYP2C9,PA126,celecoxib,PA448871,,,0A,1
PA166184130,None,,,CYP2D6,PA128,dapoxetine,PA166151992,,,0A,1
PA166184131,None,,,CYP2D6,PA128,darifenacin,PA164774901,,,0A,1
PA166184444,None,,,CYP2D6,PA128,eletriptan,PA134687947,,,0B,1
PA166184445,None,,,CYP2C19,PA124,escitalopram,PA10074,,,0A,1
PA166184448,HLA-B*57:01,,,HLA-B,PA35056,flucloxacillin,PA164781042,,,0A,1
PA166184108,None,,,DPYD,PA145,salicylic acid,PA451299,,,0C,1
PA166184453,None,,,CYP2D6,PA128,fluvoxamine,PA449690,,,0A,1
PA166184454,None,,,CYP2D6,PA128,galantamine,PA449726,,,0A,1
PA166184458,None,,,G6PD,PA28469,glimepiride,PA449761,,,0A,1
PA166184377,UGT1A1*28,,,UGT1A1,PA420,indacaterol,PA165958348,,,0B,1
PA166184378,UGT1A1*28,,,UGT1A1,PA420,irinotecan,PA450085,,,0A,1
PA166184382,None,,,CYP2C19,PA124,lansoprazole,PA450180,,,0A,1
PA166184385,CYP2C9*1; CYP2C9*3,,,CYP2C9,PA126,lesinurad,PA166160006,,,0B,1
PA166183790,None,,,CYP2D6,PA128,metoprolol,PA450480,,,0A,1
PA166183810,None,,,CYP2D6,PA128,mirabegron,,,,0B,1
PA166183901,None,,,G6PD,PA28469,moxifloxacin,PA450555,,,0A,1
PA166184082,None,,,G6PD,PA28469,nicorandil,,,,0A,1
PA166184156,None,,,G6PD,PA28469,norfloxacin,PA450654,,,0A,1
PA166184459,None,,,G6PD,PA28469,nitroglycerin,PA450644,,,0A,1
PA166184159,None,,,CYP2C19,PA124,omeprazole,PA450704,,,0A,1
PA166184222,None,,,CYP2C19,PA124,pantoprazole,PA450774,,,0B,1
PA166184123,None,,,CYP2C19; CYP2D6,nan,citalopram,PA449015,,,0A,1
PA166184441,None,,,CYP3A4; CYP3A5; NR1I2; UGT1A1,nan,dolutegravir,PA166114961,,,0B,1
PA166182924,None,,,ALK,PA24719,alectinib,PA166160050,,,0D,1
PA166182926,None,,,CD274,PA134915280,atezolizumab,,,,0D,1
PA166182930,None,,,CYP2D6,PA128,brexpiprazole,PA166160053,,,0A,1
PA166182945,CYP2B6*1; CYP2B6*6; rs3745274,,,CYP2B6,PA123,efavirenz,PA449441,,,0A,1
PA166182950,None,,,CYP2D6,PA128,gefitinib,PA131301952,,,0A,1
PA166182951,None,,,G6PD,PA28469,glyburide,PA449782,,,0A,1
PA166183171,None,,,CYP2C19,PA124,lacosamide,PA166160048,,,0B,1
PA166183183,None,,,G6PD,PA28469,prilocaine,PA451101,,,0A,1
PA166184345,HLA-B*15:02:01,,,CYP2C9; HLA-B,nan,phenytoin,PA450947,,,0A,1
PA166184373,CYP2C9*2; CYP2C9*3,,,CYP2C9,PA126,piroxicam,PA450985,,,0A,1
PA166184381,None,,,G6PD,PA28469,prilocaine,PA451101,,,0A,1
PA166184402,None,,,CYP2D6,PA128,ranolazine,PA164746007,,,0A,1
PA166184234,None,,,CYP2D6,PA128,vernakalant,,,,0B,1
PA166184504,HLA-B*57:01,,,HLA-B,PA35056,zidovudine,PA451954,,,0D,1
PA166184110,None,,,G6PD,PA28469,vitamin c,PA451898,,,0A,1
PA166163428,None,,,IFNL3,PA134952671,sofosbuvir,PA166122593,,,0B,1
PA166163430,None,,,CYB5R1; CYB5R2; CYB5R3; CYB5R4,nan,isosorbide dinitrate,PA450125,,,0B,1
PA166182021,None,,,NAT2,PA18,amifampridine phosphate,,,,0A,1
PA166123390,None,,,SLC22A2,PA331,fampridine,PA166123389,,,0B,1
PA166123412,None,,,CYP3A4,PA130,sunitinib,PA162372840,,,0B,1
PA166123417,None,,,CYP3A4,PA130,telithromycin,PA10202,,,0B,1
PA166123421,None,,,CYP2C19,PA124,atazanavir,PA10251,,,0C,1
PA166123424,None,,,CYP3A4,PA130,darunavir,PA163522472,,,0B,1
PA166123487,None,,,CYP2D6,PA128,eliglustat,PA166123486,,,0D,1
PA166123414,None,,,CYP2D6; CYP3A4,nan,dronedarone,,,,0B,1
PA166123553,None,,,HLA-B,PA35056,abacavir,PA448004,,,0B,1
PA166123528,None,,,CYP2D6,PA128,atomoxetine,PA134688071,,,0A,1
PA166123529,None,,,LDLR,PA227,atorvastatin,PA448500,,,0B,1
PA166123530,None,,,TPMT,PA356,azathioprine,PA448515,,,0A,1
PA166123531,None,,,DPYD,PA145,capecitabine,PA448771,,,0A,1
PA166123535,None,,,CYP2C19,PA124,clopidogrel,PA449053,,,0A,1
PA166123536,None,,,ALK,PA24719,crizotinib,PA165946122,,,0D,1
PA166123538,None,,,SERPINC1,PA35026,eltrombopag,PA165981594,,,0A,1
PA166123539,None,,,DPYD,PA145,fluorouracil,PA128406956,,,0A,1
PA166123543,None,,,UGT1A1,PA420,indacaterol,PA165958348,,,0A,1
PA166123526,None,,,UGT1A1,PA420,irinotecan,PA450085,,,0C,1
PA166123545,None,,,None,nan,lenalidomide,PA162363968,,,0B,1
PA166123546,None,,,HPRT1,PA29427,mycophenolic acid,PA164748728,,,0A,1
PA166123547,None,,,KRAS,PA30196,panitumumab,,,,0D,1
PA166123548,None,,,G6PD,PA28469,rasburicase,,,,0A,1
PA166123549,None,,,CYP2D6,PA128,tolterodine,PA164746757,,,0B,1
PA166123550,None,,,ERBB2,PA27844,trastuzumab,,,,0D,1
PA166123537,None,,,ABL1; BCR,nan,dasatinib,PA162372878,,,0D,1
PA166127662,None,,,CYP2D6; UGT1A1,nan,arformoterol,PA164743977,,,0B,1
PA166127725,None,,,PML; RARA,nan,tretinoin,PA451746,,,0D,1
PA166123420,None,,,CYP3A4,PA130,fosamprenavir,PA10084,,,0B,1
PA166127721,None,,,CYP2D6,PA128,tolterodine,PA164746757,,,0B,1
PA166127722,None,,,BRAF,PA25408,trametinib,PA166115364,,,0D,1
PA166127724,None,,,ERBB2,PA27844,trastuzumab,,,,0D,1
PA166127723,None,,,ERBB2,PA27844,trastuzumab emtansine,,,,0D,1
PA166127727,None,,,GBA,PA28591,velaglucerase alfa,,,,0D,1
PA166127728,None,,,BRAF,PA25408,vemurafenib,PA165946873,,,0D,1
PA166127729,None,,,G6PD,PA28469,moviprep,,,,0A,1
PA166127730,None,,,CYP2C19,PA124,voriconazole,PA10233,,,0A,1
PA166127731,None,,,CYP2D6,PA128,vortioxetine,PA166122595,,,0A,1
PA166123408,None,,,CYP2D6,PA128,vortioxetine,PA166122595,,,0A,1
PA166123388,None,,,CYP3A4,PA130,ruxolitinib,PA166123386,,,0B,1
PA166127732,None,,,CYP2C9; VKORC1,nan,warfarin,PA451906,,,0A,1
PA166123387,None,,,CYP2C19; UGT1A1,nan,axitinib,,,,0B,1
PA166129448,None,,,None,nan,ibrutinib,PA166121346,,,0D,1
PA166129449,None,,,ALK,PA24719,ceritinib,,,,0D,1
PA166123422,None,,,CYP2B6,PA123,tenofovir disoproxil,PA10069,,,0A,1
PA166129515,None,,,CACNA1S; RYR1,nan,desflurane,PA164749136,,,0A,1
PA166129516,None,,,CACNA1S; RYR1,nan,desflurane,PA164749136,,,0A,1
PA166123411,None,,,CYP3A4,PA130,sirolimus,PA451365,,,0B,1
PA166123413,None,,,CYP3A4,PA130,zonisamide,PA451978,,,0B,1
PA166123409,None,,,ABCB1,PA267,aliskiren,PA143487910,,,0B,1
PA166127655,None,,,ALK,PA24719,crizotinib,PA165946122,,,0D,1
PA166127656,None,,,BRAF,PA25408,dabrafenib,,,,0D,1
PA166127657,None,,,G6PD,PA28469,dapsone,PA449211,,,0A,1
PA166127659,None,,,CYP2D6,PA128,darifenacin,PA164774901,,,0A,1
PA166127627,None,,,HLA-B,PA35056,abacavir,PA448004,,,0D,1
PA166127629,rs121434568,,,EGFR,PA7360,afatinib,PA165981154,,,0D,1
PA166127631,None,,,CYP2D6,PA128,aripiprazole,PA10026,,,0A,1
PA166123418,None,,,CYP3A4,PA130,posaconazole,PA151958574,,,0B,1
PA166123419,None,,,CYP3A4,PA130,indinavir,PA449977,,,0B,1
PA166127653,None,,,CYP2C19,PA124,clopidogrel,PA449053,,,0A,1
PA166127654,None,,,CYP2D6,PA128,codeine,PA449088,,,0A,1
PA166127661,None,,,CYP2C19,PA124,dexlansoprazole,PA166110257,,,0A,1
PA166127665,None,,,POLG,PA33500,divalproex sodium,PA164783479,,,0D,1
PA166127667,None,,,CYP2B6,PA123,tenofovir disoproxil,PA10069,,,0A,1
PA166127669,None,,,EGFR,PA7360,erlotinib,PA134687924,,,0D,1
PA166127717,None,,,G6PD,PA28469,sulfisoxazole acetyl,,,,0A,1
PA166127670,None,,,CYP2C19,PA124,esomeprazole,PA10075,,,0B,1
PA166127673,None,,,CYP2D6,PA128,fesoterodine,PA165958376,,,0A,1
PA166127674,None,,,DPYD,PA145,fluorouracil,PA128406956,,,0A,1
PA166127675,None,,,CYP2D6,PA128,galantamine,PA449726,,,0B,1
PA166127676,None,,,EGFR,PA7360,gefitinib,PA131301952,,,0D,1
PA166127677,None,,,G6PD,PA28469,glyburide,PA449782,,,0A,1
PA166127678,None,,,G6PD,PA28469,glimepiride,PA449761,,,0A,1
PA166127681,None,,,None,nan,ibrutinib,PA166121346,,,0D,1
PA166127628,None,,,CYP2D6,PA128,acetaminophen; tramadol,,,,0A,1
PA166127630,None,,,ESR1; ESR2; PGR,nan,anastrozole,PA448432,,,0D,1
PA166123416,None,,,CYP3A4,PA130,ivabradine,PA166123415,,,0B,1
PA166129518,None,,,CACNA1S; RYR1,nan,isoflurane,PA450106,,,0A,1
PA166127710,None,,,IFNL3,PA134952671,simeprevir,PA166122590,,,0B,1
PA166127713,None,,,BCHE,PA25294,succinylcholine,PA451522,,,0A,1
PA166127714,None,,,G6PD,PA28469,sulfadiazine,PA451539,,,0A,1
PA166127715,None,,,G6PD,PA28469,trimethoprim,PA451788,,,0A,1
PA166127716,None,,,G6PD,PA28469,sulfasalazine,PA451547,,,0A,1
PA166129447,None,,,CYP2D6,PA128,eliglustat,PA166123486,,,0D,1
PA166127683,None,,,UGT1A1,PA420,irinotecan,PA450085,,,0A,1
PA166127684,None,,,CFTR,PA109,ivacaftor,PA165950341,,,0D,1
PA166127686,None,,,None,nan,lenalidomide,PA162363968,,,0B,1
PA166127688,None,,,LDLR,PA227,lomitapide,,,,0B,1
PA166127690,None,,,TPMT,PA356,mercaptopurine,PA450379,,,0A,1
PA166127691,None,,,CYP2D6,PA128,metoprolol,PA450480,,,0A,1
PA166127692,None,,,HPRT1,PA29427,mycophenolic acid,PA164748728,,,0A,1
PA166127694,None,,,G6PD,PA28469,nitrofurantoin,PA450640,,,0A,1
PA166127696,None,,,G6PD,PA28469,norfloxacin,PA450654,,,0A,1
PA166127697,None,,,CYP2D6,PA128,nortriptyline,PA450657,,,0A,1
PA166127698,None,,,CYP2C19,PA124,omeprazole,PA450704,,,0B,1
PA166127718,None,,,CYP2D6; ESR1; ESR2,nan,tamoxifen,PA451581,,,0D,1
PA166129450,None,,,BRAF,PA25408,trametinib,PA166115364,,,0D,1
PA166123423,None,,,CYP3A4,PA130,tipranavir,PA163522473,,,0B,1
PA166127719,None,,,CYP2D6,PA128,tetrabenazine,PA140222719,,,0A,1
PA166127720,None,,,TPMT,PA356,thioguanine,PA451663,,,0A,1
PA166129519,None,,,CACNA1S; RYR1,nan,sevoflurane,PA451341,,,0A,1
PA166129520,None,,,CACNA1S; RYR1,nan,sevoflurane,PA451341,,,0A,1
PA166185168,None,,,CYP2D6,PA128,pitolisant,,,,0A,1
PA166182753,CYP2C9*3,,,CYP2C9,PA126,meloxicam,PA450353,,,0A,1
PA166169912,None,,,CACNA1S; RYR1,nan,enflurane,PA449461,,,0A,1
PA166191501,None,,,None,nan,lenvatinib,PA166153472,,,0D,1
PA166190761,None,,,CYP2D6,PA128,upadacitinib,,,,0B,1
PA166190141,None,,,NECTIN4,PA134991624,enfortumab vedotin,,,,0B,1
PA166189982,None,,,None,nan,crizanlizumab-tmca,,,,0B,1
PA166190023,None,,,HBB,PA29202,luspatercept-aamt,,,,0B,1
PA166189821,None,,,HBB,PA29202,voxelotor,,,,0B,1
PA166190101,rs113993960; rs199826652,,,CFTR,PA109,tezacaftor,PA165950341,,,0D,1
PA166190741,None,,,DMD,PA27378,golodirsen,,,,0D,1
PA166122607,None,,,CYP2D6,PA128,vortioxetine,PA166122595,,,0A,1
PA166190643,None,,,ERBB2,PA27844,trastuzumab deruxtecan,,,,0D,1
PA166190261,None,,,PROC; PROS1; SERPINC1,nan,progesterone,PA451123,,,0A,1
PA166190201,None,,,NTRK1; NTRK2; NTRK3; ROS1,nan,entrectinib,,,,0D,1
PA166105222,None,,,CYP2C9,PA126,piroxicam,PA450985,,,0A,1
PA166161219,None,,,CYP2D6,PA128,aripiprazole lauroxil,PA166161216,,,0A,1
PA166169878,None,,,ALK,PA24719,brigatinib,PA166163482,,,0D,1
PA166124617,None,,,ALK,PA24719,ceritinib,,,,0D,1
PA166104787,None,,,CYP2D6,PA128,cevimeline,PA164754754,,,0A,1
PA166114910,None,,,G6PD,PA28469,chlorpropamide,PA448966,,,0A,1
PA166160046,rs113488022,,,BRAF,PA25408,cobimetinib,PA166160044,,,0D,1
PA166114912,rs113488022,,,BRAF,PA25408,dabrafenib,,,,0D,1
PA166127663,None,,,POLG,PA33500,divalproex sodium,PA164783479,,,0D,1
PA166179878,rs113488022,,,BRAF,PA25408,encorafenib,PA166179872,,,0D,1
PA166104807,None,,,DPYD,PA145,fluorouracil,PA128406956,,,0A,1
PA166105028,None,,,CYP2D6,PA128,nebivolol,PA151958426,,,0B,1
PA166131627,rs121434568; rs121434569,,,EGFR,PA7360,osimertinib,PA166131626,,,0D,1
PA166115367,None,,,GBA,PA28591,velaglucerase alfa,,,,0D,1
PA166105213,HLA-B*15:02:01,,,HLA-B,PA35056,oxcarbazepine,PA450732,,,0C,1
PA166177475,None,,,ERBB2; ESR1; ESR2; MKI67; PGR,nan,abemaciclib,PA166153471,,,0D,1
PA166163422,None,,,CYP2C9,PA126,dronabinol,PA449421,,,0A,1
PA166184423,None,,,G6PD,PA28469,antithrombotic agents,,,,0A,1
PA166184111,None,,,CYP2D6,PA128,atomoxetine,PA134688071,,,0A,1
PA166184456,None,,,G6PD,PA28469,glyburide,PA449782,,,0A,1
PA166184223,None,,,CYP2D6; G6PD,nan,"Paracetamol, combinations excl. Psycholeptics (Vicks MediNait Sirup)",,,,0A,1
PA166184428,None,,,CYP2D6,PA128,sertindole,PA164784002,,,0A,1
PA166184231,None,,,CYP2D6,PA128,umeclidinium,,,,0B,1
PA166184490,None,,,CYP2D6,PA128,zuclopenthixol,PA452629,,,0B,1
PA166184237,None,,,G6PD,PA28469,Vitamin B-complex with vitamin C,,,,0A,1
PA166184499,rs2231142; rs4149056,,,ABCG2; SLCO1B1,nan,rosuvastatin,PA134308647,,,0A,1
PA166184434,rs12979860,,,IFNL3; IFNL4,nan,sofosbuvir,PA166122593,,,0A,1
PA166182738,CYP2C9*2; CYP2C9*3,,,CYP2C9,PA126,siponimod,,,,0D,1
PA166223861,None,,,CYP2D6,PA128,bupropion,PA448687,,,0B,1
PA166223941,rs121908585,,,PDGFRA,PA33147,avapritinib,,,,0D,1
PA166223902,None,,,GAA,PA28476,alglucosidase alfa,,,,0D,1
PA166185145,None,,,TNFRSF8,PA36616,brentuximab vedotin,,,,0D,1
PA166224061,None,,,HLA-B,PA35056,oxcarbazepine,PA450732,,,0C,1
PA166224101,None,,,CYP2D6,PA128,citalopram,PA449015,,,0B,1
PA166224121,None,,,CYP2D6,PA128,escitalopram,PA10074,,,0B,1
PA166224441,rs387907272,,,MYD88,PA31361,ibrutinib,PA166121346,,,0B,1
PA166127664,None,,,None,nan,ibrutinib,PA166121346,,,0D,1
PA166224202,None,,,MET,PA30763,capmatinib,,,,0D,1
PA166225001,None,,,SSTR1; SSTR2; SSTR3; SSTR4; SSTR5,nan,lutetium (177Lu) oxodotreotide,,,,0D,1
PA166224361,None,,,CD33,PA26210,gemtuzumab ozogamicin,,,,0D,1
PA166224961,None,,,AQP4,PA24922,inebilizumab-cdon,,,,0B,1
PA166225101,UGT1A1*28,,,UGT1A1,PA420,sacituzumab govitecan-hziy,,,,0A,1
PA166225142,None,,,ERBB2,PA27844,tucatinib,,,,0D,1
PA166224221,None,,,AQP4; CHRNA1; CHRNA3; CHRNA4; CHRNA5; CHRNA6; CHRNA7; CHRNB1; CHRNE,nan,eculizumab,,,,0B,1
PA166224962,None,,,None,nan,isatuximab,,,,0B,1
PA166225121,None,,,RET,PA34335,selpercatinib,,,,0D,1
PA166225161,None,,,CYP2D6,PA128,oliceridine,,,,0A,1
PA166225042,None,,,CYP2C9,PA126,rimegepant,,,,0B,1
PA166227101,None,,,GAA,PA28476,alglucosidase alfa,,,,0D,1
PA166227121,None,,,GAA,PA28476,alglucosidase alfa,,,,0D,1
PA166227221,None,,,NAT2,PA18,amifampridine phosphate,,,,0A,1
PA166227141,None,,,EGFR,PA7360,ramucirumab,,,,0D,1
PA166227161,None,,,KRAS,PA30196,ramucirumab,,,,0B,1
PA166160054,None,,,CYP2D6,PA128,brexpiprazole,PA166160053,,,0A,1
PA166227321,None,,,NAT2,PA18,amifampridine phosphate,,,,0A,1
PA166169882,None,,,CYP2D6,PA128,deutetrabenazine,,,,0A,1
PA166227181,None,,,ERBB2; ESR1; ESR2; PIK3CA,nan,alpelisib,,,,0D,1
PA166104818,None,,,CYP2C19,PA124,voriconazole,PA10233,,,0A,1
PA166227201,None,,,ERBB2; ESR1; ESR2; PIK3CA,nan,alpelisib,,,,0D,1
PA166234761,None,,,SLCO1B1,PA134865839,simvastatin,PA451363,,,0B,1
PA166234701,HLA-B*58:01,,,HLA-B,PA35056,allopurinol,PA448320,,,0C,1
PA166235881,None,,,ERBB2,PA27844,margetuximab,,,,0D,1
PA166234801,None,,,CYP3A,PA27114,tacrolimus,PA451578,,,0B,1
PA166236001,None,,,ALDH5A1,PA24702,sodium oxybate,,,,0A,1
PA166234723,None,,,SLCO1B1,PA134865839,atorvastatin,PA448500,,,0B,1
PA166235261,None,,,NLRP3,PA26512,anakinra,,,,0B,1
PA166235921,None,,,LEP,PA228,metreleptin,,,,0D,1
PA166235981,rs74799832; rs77709286,,,RET,PA34335,pralsetinib,,,,0D,1
PA166235361,None,,,AGXT,PA24633,lumasiran,,,,0D,1
PA166236521,None,,,DMD,PA27378,viltolarsen,,,,0D,1
PA166236221,None,,,SMN1; SMN2,nan,risdiplam,,,,0D,1
PA166238981,None,,,PROC; PROS1; SERPINC1,nan,"synthetic conjugated estrogens, A",,,,0A,1
PA166184380,None,,,CYP2C19; CYP2C9,nan,brivaracetam,PA166153491,,,0B,1
PA166184430,rs4149056,,,SLCO1B1,PA134865839,fenofibrate; simvastatin,,,,0A,1
PA166184158,rs12979860,,,IFNL3; IFNL4,nan,ritonavir,PA451260,,,0A,1
PA166184394,None,,,CYP2B6; CYP2C19; CYP2C9; CYP3A5,nan,prasugrel,PA154410481,,,0B,1
PA166153432,None,,,CYP2C19; CYP2C9; CYP2D6,nan,flibanserin,PA166153431,,,0A,1
PA166105178,None,,,CYB5R3; G6PD,nan,prilocaine,PA451101,,,0A,1
PA166184224,None,,,G6PD,PA28469,tramadol,PA451735,,,0A,1
PA166120370,None,,,G6PD,PA28469,glimepiride; pioglitazone,,,,0A,1
PA166104776,CYP2C9*1; CYP2C9*2; CYP2C9*3; rs9923231,,,CYP2C9; PROC; PROS1; VKORC1,nan,warfarin,PA451906,,,0A,1
PA166104823,None,,,BLVRB; CYB5R3; G6PD,nan,methylene blue,,,,0A,1
PA166104819,None,,,ESR1; ESR2; PGR,nan,tamoxifen,PA451581,,,0D,1
PA166104907,None,,,F5; SERPINC1,nan,eltrombopag,PA165981594,,,0A,1
PA166104909,None,,,ALK; ROS1,nan,crizotinib,PA165946122,,,0D,1
PA166127645,None,,,HLA-A; HLA-B,nan,carbamazepine,PA448785,,,0C,1
PA166120287,None,,,F5; PROC; PROS1; SERPINC1,nan,norelgestromin,PA164953212,,,0A,1
PA166105334,None,,,ABL1; BCR,nan,nilotinib,PA165958345,,,0D,1
PA166127632,None,,,PML; RARA,nan,arsenic trioxide,PA448486,,,0D,1
PA166127648,None,,,EGFR; KRAS,nan,cetuximab,,,,0D,1
PA166127699,None,,,EGFR; KRAS,nan,panitumumab,,,,0D,1
PA166104797,None,,,ESR1; ESR2; PGR,nan,letrozole,PA450196,,,0D,1
PA166104821,None,,,PML; RARA,nan,arsenic trioxide,PA448486,,,0D,1
PA166104826,None,,,EGFR; KRAS; NRAS,nan,cetuximab,,,,0D,1
PA166104840,None,,,ERBB2; ESR1; ESR2,nan,lapatinib,PA152241907,,,0D,1
PA166104845,None,,,CYB5R3; G6PD,nan,dapsone,PA449211,,,0A,1
PA166114381,None,,,ASS1; CPS1; OTC,nan,sodium phenylbutyrate,PA166114316,,,0B,1
PA166104874,None,,,G6PD; NAT2,nan,trimethoprim,PA451788,,,0A,1
PA166104820,None,,,CYP2C19; CYP2D6,nan,doxepin,PA449409,,,0A,1
PA166104911,None,,,ERBB2; ESR1; ESR2,nan,everolimus,PA164746311,,,0D,1
PA166104912,None,,,F5; SERPINC1,nan,eltrombopag,PA165981594,,,0A,1
PA166104913,None,,,ERBB2; ESR1; ESR2,nan,everolimus,PA164746311,,,0D,1
PA166104914,None,,,ABL1; BCR,nan,dasatinib,PA162372878,,,0D,1
PA166104915,None,,,CYP1A2; CYP2D6,nan,olanzapine,PA450688,,,0B,1
PA166104917,None,,,CYP2B6; CYP2C19; CYP2C9; CYP3A5,nan,prasugrel,PA154410481,,,0B,1
PA166104919,None,,,ERBB2; ESR1; ESR2; PGR,nan,fulvestrant,PA164747170,,,0D,1
PA166104926,None,,,ABL1; BCR; FIP1L1; KIT; PDGFRA; PDGFRB,nan,imatinib,PA10804,,,0D,1
PA166182789,None,,,ESR1; ESR2,nan,toremifene,PA451731,,,0A,1
PA166183425,None,,,BRCA1; BRCA2; ERBB2,nan,talazoparib,,,,0D,1
PA166179855,None,,,F2; F5; PROC; PROS1; SERPINC1,nan,avatrombopag,PA166179849,,,0A,1
PA166182759,None,,,CYB5R3; G6PD,nan,chloroprocaine,PA448946,,,0A,1
PA166182760,None,,,ESR1; ESR2; PGR,nan,docetaxel,PA449383,,,0B,1
PA166183421,None,,,ERBB2; ESR1; ESR2; PGR,nan,ribociclib,PA166153470,,,0D,1
PA166170935,None,,,CYP1A2; CYP2D6,nan,rucaparib,PA166163418,,,0B,1
PA166170938,None,,,HRAS; KRAS; NRAS,nan,trametinib,PA166115364,,,0B,1
PA166170931,None,,,KIT; NPM1,nan,midostaurin,,,,0B,1
PA166163420,None,,,FLT3; IDH1; IDH2; NPM1; TP53,nan,venetoclax,PA166153473,,,0B,1
PA166170936,None,,,F2; F5,nan,tamoxifen,PA451581,,,0B,1
PA166160718,None,,,BLVRB; G6PD,nan,methylene blue,,,,0A,1
PA166160274,None,,,EGFR; KRAS,nan,cetuximab,,,,0D,1
PA166160711,None,,,ERBB2; ESR1; ESR2,nan,everolimus,PA164746311,,,0D,1
PA166184426,None,,,CYP2D6; CYP3A4,nan,tolterodine,PA164746757,,,0A,1
PA166182923,None,,,ERBB2; ESR1; ESR2; PGR,nan,abemaciclib,PA166153471,,,0D,1
PA166184560,None,,,ALK; EGFR,nan,ramucirumab,,,,0D,1
PA166182741,None,,,CYB5R3; G6PD,nan,epinephrine,PA449470,,,0A,1
PA166104859,None,,,ALK; ROS1,nan,crizotinib,PA165946122,,,0D,1
PA166104810,None,,,NUDT15; TPMT,nan,mercaptopurine,PA450379,,,0C,1
PA166104842,None,,,ABL1; BCR,nan,nilotinib,PA165958345,,,0D,1
PA166159964,None,,,BRCA1; BRCA2; ERBB2,nan,olaparib,,,,0D,1
PA166104809,None,,,EGFR; KRAS; NRAS,nan,panitumumab,,,,0D,1
PA166182746,None,,,CYB5R3; G6PD,nan,ceftriaxone,PA448866,,,0A,1
PA166163419,None,,,BRCA1; BRCA2,nan,rucaparib,PA166163418,,,0D,1
PA166115362,None,,,CYB5R3; G6PD,nan,sodium nitrite,PA166115361,,,0A,1
PA166104892,None,,,G6PD; NAT2,nan,sulfasalazine,PA451547,,,0A,1
PA166104817,None,,,PML; RARA,nan,tretinoin,PA451746,,,0D,1
PA166123527,None,,,PML; RARA,nan,arsenic trioxide,PA448486,,,0D,1
PA166123532,None,,,HLA-A; HLA-B,nan,carbamazepine,PA448785,,,0A,1
PA166123540,None,,,ESR1; ESR2,nan,fulvestrant,PA164747170,,,0D,1
PA166123541,None,,,CYP2D6; EGFR,nan,gefitinib,PA131301952,,,0D,1
PA166123542,None,,,ABL1; BCR,nan,imatinib,PA10804,,,0D,1
PA166123544,None,,,ERBB2; HLA-DQA1; HLA-DRB1,nan,lapatinib,PA152241907,,,0D,1
PA166123551,None,,,PML; RARA,nan,tretinoin,PA451746,,,0B,1
PA166123552,None,,,CPS1; OTC,nan,valproic acid,PA451846,,,0A,1
PA166123410,None,,,CYP2D6; CYP3A4,nan,ritonavir,PA451260,,,0B,1
PA166127660,None,,,ABI1; BCR,nan,dasatinib,PA162372878,,,0D,1
PA166127666,None,,,F5; PROC; PROS1; SERPINC1,nan,ethinyl estradiol,PA449527,,,0A,1
PA166127668,None,,,F5; SERPINC1,nan,eltrombopag,PA165981594,,,0A,1
PA166127671,None,,,ERBB2; ESR1; ESR2,nan,everolimus,PA164746311,,,0D,1
PA166127672,None,,,ESR1; ESR2,nan,exemestane,PA449563,,,0D,1
PA166127712,None,,,ASS1; CPS1; OTC,nan,sodium phenylbutyrate,PA166114316,,,0D,1
PA166127682,None,,,ABI1; BCR; FIP1L1; KIT; PDGFRA; PDGFRB,nan,imatinib,PA10804,,,0D,1
PA166127685,None,,,ERBB2; HLA-DQA1; HLA-DRB1,nan,lapatinib,PA152241907,,,0D,1
PA166127687,None,,,ESR1; ESR2; PGR,nan,letrozole,PA450196,,,0D,1
PA166127693,None,,,ABI1; BCR,nan,nilotinib,PA165958345,,,0D,1
PA166127695,None,,,F2; F5; MTHFR; PROC; PROS1; SERPINC1,nan,norelgestromin,PA164953212,,,0A,1
PA166129517,None,,,CACNA1S; RYR1,nan,isoflurane,PA450106,,,0A,1
PA166170048,None,,,ERBB2; ESR1; ESR2; PGR,nan,ribociclib,PA166153470,,,0D,1
PA166183781,TPMT*2; TPMT*3A; TPMT*3C,,,NUDT15; TPMT,nan,mercaptopurine,PA450379,,,0A,1
PA166235901,None,,,FCGR2A; FCGR2B; FCGR3A,nan,margetuximab,,,,0B,1
PA166236241,None,,,AQP4; IL6R,nan,satralizumab,,,,0B,1
PA166127726,None,,,OTC; POLG,nan,valproic acid,PA451846,,,0A,1
PA166190701,None,,,CPOX; HMBS; PPOX,nan,givosiran,,,,0B,1
PA166163429,rs113488022,,,ALK; BRAF; CD274; EGFR,nan,atezolizumab,,,,0D,1
PA166235601,None,,,LMNA; ZMPSTE24,nan,lonafarnib,PA166129466,,,0D,1
PA166191581,None,,,ALK; CD274; EGFR,nan,ipilimumab,,,,0D,1
PA166160056,None,,,AKR1D1; AMACR; CYP27A1; CYP7A1; DHCR7; HSD3B7,nan,cholic acid,PA166160055,,,0D,1
PA166235441,None,,,CYB5R3; G6PD,nan,bupivacaine,PA135057240,,,0A,1
PA166224341,None,,,HRAS; KRAS; NRAS,nan,encorafenib,PA166179872,,,0A,1
PA166185190,None,,,CYP2B6; CYP2C9,nan,ospemifene,,,,0B,1
PA166182721,None,,,FGFR2; FGFR3,nan,erdafitinib,,,,0D,1
PA166105232,None,,,CYP2D6; G6PD,nan,quinine,PA451213,,,0A,1
PA166235941,None,,,LEPR; PCSK1; POMC,nan,setmelanotide,,,,0D,1
PA166240301,CYP2C9*2; CYP2C9*3,,,CYP2C9; F2; F5; PROC; PROS1; SERPINC1,nan,avatrombopag,PA166179849,,,0A,1
PA166246301,None,,,CYP2D6,PA128,dihydrocodeine,PA448710,,,0A,1
PA166246485,rs121913530,,,KRAS,PA30196,sotorasib,,,,0D,1
PA166248801,None,,,IL1RN,PA29816,anakinra,,,,0D,1
PA166252881,None,,,MET,PA30763,tepotinib,,,,0D,1
PA166252901,None,,,ALK; EGFR,nan,tepotinib,,,,0B,1
PA166252781,None,,,MOCS1,PA30900,fosdenopterin,,,,0D,1
PA166251821,None,,,LDLR,PA227,evinacumab,,,,0B,1
PA166251482,None,,,None,nan,dostarlimab-gxly,,,,0D,1
PA166251421,None,,,ALK; CD274; EGFR; ROS1,nan,cemiplimab-rwlc,,,,0D,1
PA166252081,None,,,FGFR2,PA28128,infigratinib,,,,0D,1
PA166251561,None,,,DMD,PA27378,casimersen,,,,0D,1
PA166268901,None,,,CHRNA1; CHRNA3; CHRNA4; CHRNA5; CHRNA6; CHRNA7; CHRNB1; CHRNE,nan,efgartigimod alfa,,,,0B,1
PA166269101,None,,,ASS1; CPS1; OTC,nan,glycerol phenylbutyrate,PA166268801,,,0D,1
PA166269081,None,,,NAGS,PA134968729,glycerol phenylbutyrate,PA166268801,,,0B,1
PA166268961,rs387907272,,,MYD88,PA31361,zanubrutinib,,,,0B,1
PA166269121,None,,,CYP2C9,PA126,nateglinide,PA450600,,,0A,1
PA166268902,None,,,ABCB11,PA374,odevixibat,PA166268805,,,0A,1
PA166268923,rs77375493,,,JAK2,PA29989,ropeginterferon alfa-2b,,,,0B,1
PA166170052,None,,,CYP2D6,PA128,valbenazine,,,,0A,1
PA166268861,rs121913459,,,ABL1; BCR,nan,asciminib,PA166268841,,,0D,1
