GENE: UGT1A9,,,,,,,,,,,,,,,,,,,,,
start,-118(dT)9>10,-440T>C,-331C>T,-87G>A,-1818T>C,-1887T>G,-665C>T,-2152C>T,-275T>A,IVS1+219A>T,IVS1+313C>A,IVS1+399T>C,IVS1+152G>A,IVS1+143C>T,-5366G>T,-4549T>C,IVS1+190T>C,8G>A,98T>C,726T>G,766G>A
Effect on protein,,,,,,,,,,,,,,,,,,**C3Y,**M33T,**Y242X,**D256N
"Position at NC_000002.12 (Homo sapiens chromosome 2, GRCh38.p14)",,,,,,,,,,,,,,,,,,,,,
Position at NG_002601,,,,,,,,,,,,,,,,,,,,,
rsID,rs3832043,,,rs17868322,,,,,,rs2741047,rs2741048,rs2741049,rs4663871,rs45554333,,,,,rs72551330,rs66915469,rs58597806
UGT1A9 Allele,,,,,,,,,,,,,,,,,,,,,
*1a,,,,,,,,,,,,,,,,,,,,,
*1b,(dT)10,,,,,,,,,,,,,,,,,,,,
*1c,,C,T,,,,,,,,,,,,,,,,,,
*1d,(dT)10,C,T,,,,,,,,,,,,,,,,,,
*1e,,,,A,,,,,,,,,,,,,,,,,
*1f,(dT)10,C,T,,C,,,,,,,,,,,,,,,,
*1g,,C,T,,,G,,,,,,,,,,,,,,,
*1h,,C,T,,,G,T,,,,,,,,,,,,,,
*1j,,C,T,,C,,,,,,,,,,,,,,,,
*1k,(dT)10,C,T,,C,,T,,,,,,,,,,,,,,
*1l,,C,T,,,,,T,A,,,,,,,,,,,,
*1m,(dT)10,C,T,,,,T,,,,,,,,,,,,,,
*1n,,C,T,,,,T,T,A,,,,,,,,,,,,
*1p,,C,T,,C,,T,,,,,,,,,,,,,,
*1q,,,,,,,,,,T,A,T,,,,,,,,,
*1r,,,,,,,,,,T,A,,A,,,,,,,,
*1s,,,,A,,,,,,T,A,,,,,,,,,,
*1t,,,,,,,,,,T,A,,A,T,,,,,,,
*1u,(dT)10,,,,,,,,,T,A,T,,,,,,,,,
*1v,,,,,,,,T,A,T,A,T,,,T,C,,,,,
*1w,,,,,,,,T,A,,,,,,T,C,,,,,
*1x,,,,,,,,,,,,,,,,,C,,,,
*2,,,,,,,,,,,,,,,,,,A,,,
*3a,,,,,,,,,,,,,,,,,,,C,,
*3b,,C,T,,C,,,,,,,,,,,,,,C,,
*4,,,,,,,,,,,,,,,,,,,,G,
*5,,,,,,,,,,,,,,,,,,,,,A
