GENE: CYP2A6,Unnamed: 1,Unnamed: 2,Unnamed: 3,Unnamed: 4,Unnamed: 5,Unnamed: 6,Unnamed: 7,Unnamed: 8,Unnamed: 9,Unnamed: 10,Unnamed: 11,Unnamed: 12,Unnamed: 13,Unnamed: 14,Unnamed: 15,Unnamed: 16,Unnamed: 17,Unnamed: 18,Unnamed: 19,Unnamed: 20,Unnamed: 21,Unnamed: 22,Unnamed: 23,Unnamed: 24,Unnamed: 25,Unnamed: 26,Unnamed: 27,Unnamed: 28,Unnamed: 29,Unnamed: 30,Unnamed: 31,Unnamed: 32,Unnamed: 33,Unnamed: 34,Unnamed: 35,Unnamed: 36,Unnamed: 37,Unnamed: 38,Unnamed: 39,Unnamed: 40,Unnamed: 41,Unnamed: 42,Unnamed: 43,Unnamed: 44,Unnamed: 45,Unnamed: 46,Unnamed: 47,Unnamed: 48,Unnamed: 49,Unnamed: 50,Unnamed: 51,Unnamed: 52,Unnamed: 53,Unnamed: 54,Unnamed: 55,Unnamed: 56,Unnamed: 57
NG_008377.1 (ATG start),-48T>G,13G>A,16A>C,86G>A,468G>A,567C>T,594G>C,1672T>C,1703G>A; 1703G>T,1711T>G,1767C>G,1794C>G,1798C>A,1799T>A,2134A>G,2141delAA,,2161C>A; 2161C>T,3391T>C,3515G>A,3524T>C,4397T>C,4406C>T,5023T>C,5065G>A,5661G>A,5668A>T,5702T>G,5745A>G,5750G>C,6458A>T,6512G>A,6531T>C,6558T>C,6573A>G,6582G>T,6600G>T,6679delG,6681A>G,6685C>T,6688A>G,6690A>G,6692C>G,6696delC,6698_6699insC,6699_6700insC,6702_6703insA,6706_6707insC,6709delC,6711C>T,6713delGC,6720C>A,6727C>G,6729G>A,6734G>C,6735C>G,Structural Variation
Effect on protein (NP_000753.3),p.expression,p.G5R,p.M6L,p.S29N,p.V68M,p.R101X,p.V110L,p.F118L,p.R128Q; p.R128L,p.S131A,p.I149M,p.D158E,p.L160I,p.L160H,p.K194E,p.K196fs,p.R203fs,p.R203S; p.R203C,p.S224P,p.R265Q,p.I268T,p.I300T,p.T303I,p.Y351H,p.V365M,p.E390K,p.Y392F,p.S403R,p.N418D,p.E419D,p.N438Y,p.V456I,p.L462P,p.I471T,p.K476R,p.G479V,p.R485L,,,,,,,,,,,,,,,,,,,,
"Position at NC_000019.10 (Homo sapiens chromosome 19, GRCh38.p13)",g.40850474A>C,g.40850414C>T,g.40850411T>G,g.40850341C>T,g.40849959C>T,g.40849860G>A,g.40849833C>G,g.40848755A>G,g.40848724C>T; g.40848724C>A,g.40848716A>C,g.40848660G>C,g.40848633G>C,g.40848629G>T,g.40848628A>T,g.40848293T>C,g.40848286_40848287del,g.40848264_40848265delinsT,g.40848266G>T; g.40848266G>A,g.40847036A>G,g.40846912C>T,g.40846903A>G,g.40846030A>G,g.40846021G>A,g.40845404A>G,g.40845362C>T,g.40844766C>T,g.40844759T>A,g.40844725A>C,g.40844682T>C,g.40844677C>G,g.40843969T>A,g.40843915C>T,g.40843896A>G,g.40843869A>G,g.40843854T>C,g.40843845C>A,g.40843827C>A,g.40843750del,g.40843746T>C,g.40843742G>A,g.40843739T>C,g.40843737T>C,g.40843735G>C,g.40843731del,g.40843728_40843729insG,g.40843727_40843728insG,g.40843725dup,g.40843720_40843721insG,g.40843718del,g.40843716G>A,g.40843713_40843714del,g.40843707G>T,g.40843700G>C,g.40843698C>T,g.40843693C>G,g.40843692G>C,
Position at NG_008377.1 (CYP2A6 RefSeqGene; reverse relative to chromosome),g.4974T>G,g.5034G>A,g.5037A>C,g.5107G>A,g.5489G>A,g.5588C>T,g.5615G>C,g.6693T>C,g.6724G>A; g.6724G>T,g.6732T>G,g.6788C>G,g.6815C>G,g.6819C>A,g.6820T>A,g.7155A>G,g.7162_7163del,g.7183_7184delinsA,g.7182C>A; g.7182C>T,g.8412T>C,g.8536G>A,g.8545T>C,g.9418T>C,g.9427C>T,g.10044T>C,g.10086G>A,g.10682G>A,g.10689A>T,g.10723T>G,g.10766A>G,g.10771G>C,g.11479A>T,g.11533G>A,g.11552T>C,g.11579T>C,g.11594A>G,g.11603G>T,g.11621G>T,g.11700del,g.11702A>G,g.11706C>T,g.11709A>G,g.11711A>G,g.11713C>G,g.11717del,g.11719_11720insC,g.11720_11721insC,g.11723dup,g.11727_11728insC,g.11730del,g.11732C>T,g.11734_11735del,g.11741C>A,g.11748C>G,g.11750G>A,g.11755G>C,g.11756C>G,
rsID,rs28399433,rs28399434,rs72549432,rs28399435,rs143690364,rs199545200,rs72549435,rs28399440,rs4986891,rs59552350,rs1967144166,rs60605885,rs60563539,rs1801272,rs199916117,rs568811809,rs28399445,rs56256500,rs28399447,rs140471703,rs763469584,rs148693084,,rs148166815,rs28399454,rs376817657,rs1809810,rs56314118,rs28399463,rs8192730,rs143731390,rs201305272,,rs5031016,rs6413474,rs5031017,rs28399468,rs59322119,rs28399469,rs28399470,rs28399471,,rs7248240,,,rs1568513216,,,,rs28399474,rs1568513196,rs28399478,rs28399479,rs28399480,,,
CYP2A6 Allele,,,,,,,,,,,,,,,,,,,,,,,,,,,,,,,,,,,,,,,,,,,,,,,,,,,,,,,,,
*1,A,C,T,C,C,G,C,A,C,A,G,G,G,A,T,TT,delGC,G,A,C,A,A,G,A,C,C,T,A,T,C,T,C,A,A,T,C,C,C,T,G,T,T,G,G,del,del,T,del,G,G,GC,G,G,C,C,G,
*2,,,,,,,,,,,,,,T,,,,,,,,,,,,,,,,,,,,,,,,,,,,,,,,,,,,,,,,,,,
*4,,,,,,,,,,,,,,,,,,,,,,,,,,,,,,,,,,,,,,,,,,,,,,,,,,,,,,,,,CYP2A6 gene deletion
*5,,,,,,,,,,,,,,,,,,,,,,,,,,,,,,,,,,,,A,,delC,C,A,C,C,C,delG,insG,insG,TT,insG,delG,A,delGC,T,C,T,G,C,
*6,,,,,,,,,T,,,,,,,,,,,,,,,,,,,,,,,,,,,,,,,,,,,,,,,,,,,,,,,,
*7,,,,,,,,,,,,,,,,,,,,,,,,,,,,,,,,,,G,,,,delC,C,A,C,C,C,delG,insG,insG,TT,insG,delG,A,delGC,T,C,T,G,C,
*8,,,,,,,,,,,,,,,,,,,,,,,,,,,,,,,,,,,,,A,delC,C,A,C,C,C,delG,insG,insG,TT,insG,delG,A,delGC,T,C,T,G,C,
*9,C,,,,,,,,,,,,,,,,,,,,,,,,,,,,,,,,,,,,,,,,,,S,,,,,,,,,,,,,,
*10,,,,,,,,,,,,,,,,,,,,,,,,,,,,,,,,,,G,,,A,delC,C,A,C,C,C,delG,insG,insG,TT,insG,delG,A,delGC,T,C,T,G,C,
*11,,,,,,,,,,,,,,,,,,,G,,,,,,,,,,,,,,,,,,,,,,,,,,,,,,,,,,,,,,
*12,,,,,,,,,,,,,,,,,,,,,,,,,,,,,,,,,,,,,,,,,,,,,,,,,,,,,,,,,CYP2A7-2A6 hybrid (exons 1-2 from CYP2A7)
*13,C,T,,,,,,,,,,,,,,,,,,,,,,,,,,,,,,,,,,,,,,,,,,,,,,,,,,,,,,,
*14,,,,T,,,,,,,,,,,,,,,,,,,,,,,,,,,,,,,,,,,,,,,,,,,,,,,,,,,,,
*15,C,,,,,,,,,,,,,,C,,,,,,,,,,,,,,,,,,,,,,,,,,,,S,,,,,,,,,,,,,,
*16,,,,,,,,,,,,,,,,,,T,,,,,,,,,,,,,,,,,,,,,,,,,,,,,,,,,,,,,,,
*17,,,,,,,,,,,,,,,,,,,,,,,,,T,,,,,,,,,,,,,,,,,,,,,,,,,,,,,,,,
*18,,,,,,,,,,,,,,,,,,,,,,,,,,,A,,,,,,,,,,,,,,,,S,,,,,,,,,,,,,,
*19,,,,,,,,,,,,,,,,,,,,,,,,,,,A,,,,,,,G,,,,delC,C,A,C,C,C,delG,insG,insG,TT,insG,delG,A,delGC,T,C,T,G,C,
*20,,,,,,,,,,,,,,,,delTT,,,,,,,,,,,,,,,,,,,,,,,,,,,C,,,,,,,,,,,,,,
*21,,,,,,,,,,,,,,,,,,,,,,,,,,,,,,,,,,,C,,,,,,,,,,,,,,,,,,,,,,
*22,,,,,,,,,,,,C,T,,,,,,,,,,,,,,,,,,,,,,,,,,,,,,,,,,,,,,,,,,,,
*23,,,,,,,,,,,,,,,,,,A,,,,,,,,,,,,,,,,,,,,,,,,,,,,,,,,,,,,,,,
*24,,,,,,,G,,,,,,,,,,,,,,,,,,,,,,,,A,,,,,,,delC,C,A,C,C,C,delG,insG,insG,TT,insG,delG,A,delGC,T,C,T,G,C,
*25,,,,,,,,G,,,,,,,,,,,,,,,,,,,,,,,,,,,,,,,,,,,C,,,,,,,,,,,,,,
*26,,,,,,,,G,A,C,,,,,,,,,,,,,,,,,,,,,,,,,,,,,,,,,C,,,,,,,,,,,,,,
*27,,,,,,,,G,,,,,,,,,insT,,,,,,,,,,,,,,,,,,,,,,,,,,C,,,,,,,,,,,,,,
*28,,,,,,,,,,,,,,,,,,,,,,,,,,,,,C,G,,,,,,,,delC,C,A,C,C,C,delG,insG,insG,TT,insG,delG,A,delGC,T,C,T,G,C,
*31,,,G,,,,,,,,,,,,,,,,,,,,,,,,,,,,,,,,,,,,,,,,C,,,,,,,,,,,,,,
*34,,,,,,,,,,,,,,,,,,,,,,,,,,,,,,,,,,,,,,,,,,,,,,,,,,,,,,,,,CYP2A7-2A6 hybrid (exons 1-4 from CYP2A7)
*35,,,,,,,,,,,,,,,,,,,,,,,,,,,,,,,A,,,,,,,delC,C,A,C,C,C,delG,insG,insG,TT,insG,delG,A,delGC,T,C,T,G,C,
*36,,,,,,,,,,,,,,,,,,,,,,,,,,,,,,,A,,,G,,,,delC,C,A,C,C,C,delG,insG,insG,TT,insG,delG,A,delGC,T,C,T,G,C,
*37,,,,,,,,,,,,,,,,,,,,,,,,,,,,,,,A,,,G,,,A,delC,C,A,C,C,C,delG,insG,insG,TT,insG,delG,A,delGC,T,C,T,G,C,
*38,,,,,,,,,,,,,,,,,,,,,,,,G,,,,,,,,,,,,,,,,,,,,,,,,,,,,,,,,,
*39,,,,,T,,,,,,,,,,,,,,,,,,,,,,,,,,,,,,,,,,,,,,,,,,,,,,,,,,,,
*40,,,,,,,,,,,C,,,,,,,,,,,,,,,,,,,,,,,,,,,,,,,,C,,,,,,,,,,,,,,
*41,,,,,,,,,,,,,,,,,,,,T,,,,,,,,,,,,,,,,,,,,,,,,,,,,,,,,,,,,,
*42,,,,,,,,,,,,,,,,,,,,,G,,,,,,,,,,,,,,,,,,,,,,,,,,,,,,,,,,,,
*43,,,,,,,,,,,,,,,,,,,,,,,A,,,,,,,,,,,,,,,,,,,,,,,,,,,,,,,,,,
*44,,,,,,,,,,,,,,,,,,,,,,,,,,T,,,C,G,,,,,,,,,,,,,,,,,,,,,,,,,,,
*45,,,,,,,,,,,,,,,,,,,,,,,,,,,,,,,,,G,,,,,,,,,,C,,,,,,,,,,,,,,
*46,,,,,,,,,,,,,,,,,,,,,,,,,,,,,,,,,,,,,,delC,C,A,C,C,C,delG,insG,insG,TT,insG,delG,A,delGC,T,C,T,G,C,
*47,,,,,,,,,,,,,,,,,,,,,,,,,,,,,,,,,,,,,,,,,,,,,,,,,,,,,,,,,CYP2A7-2A6 hybrid (exons 1-8 from CYP2A7)
*48,,,,,,A,,,,,,,,,,,,,,,,,,,,,,,,,,,,,,,,delC,C,A,C,C,C,delG,insG,insG,TT,insG,delG,A,delGC,T,C,T,G,C,
*49,,,,,,,G,,,,,,,,,,,,,,,,,,,,,,,,,,,G,,,,delC,C,A,C,C,C,delG,insG,insG,TT,insG,delG,A,delGC,T,C,T,G,C,
*50,C,,,,,,,,,,,,,,,,,,,,,G,,,,,,,,,,,,,,,,,,,,,C,,,,,,,,,,,,,,
*51,,,,,,,,,,,,,,,,,,,,,,,,,,,,C,,,,,,,,,,delC,C,A,C,C,C,delG,insG,insG,TT,insG,delG,A,delGC,T,C,T,G,C,
*52,,,,,,,,,,,,,,,,,,,,,,,,,,,,,,,,T,,G,,,,delC,C,A,C,C,C,delG,insG,insG,TT,insG,delG,A,delGC,T,C,T,G,C,
*53,,,,,,,,,,,,,,,,,,,,,,,,,,,,,,,,,,,,,,,,,,,,,,,,,,,,,,,,,CYP2A6-2A7 hybrid (exons 1-4 from CYP2A6)
