GENE: UGT1A7,,,,,,,,,,,,
start,-70G>A,-57T>G,387T>G,391C>A,392G>A,622T>C,343G>A,417G>C,386A>G,760C>T,828C>A,422G>C
Effect on protein,,,**N129K,**R131K,**R131Q,**W208R,**G115S,**E139D,,**R254X,**N276K,**C141S
Position at NC,,,,,,,,,,,,
Position at NG_002601,,,,,,,,,,,,
rsID,,rs7586110,rs17868323,rs17863778,rs17868324,rs11692021,rs61261057,,rs56385016,,,rs72551332
UGT1At Allele,,,,,,,,,,,,
*1a,G,T,T,C,G,T,G,G,A,C,C,G
*1b,A,,,,,,,,,,,
*2,,,G,A,A,,,,,,,
*3,,,G,A,A,C,,,,,,
*4,,,,,,C,,,,,,
*5,,,,,,,A,,,,,
*6,,,,,,,,C,,,,
*7,,,G,A,A,,,C,,,,
*8,,,G,A,A,C,,C,,,,
*9,,,G,A,A,,A,,,,,
*10,,,G,A,A,C,,,G,,,
*11,,,,,A,,,,,,,
*12,,G,,,,C,,,,T,,
*13,,,,,,,,,,,A,
*14,,,,,,,,,,,,C
