GENE: CYP2B6,Unnamed: 1,Unnamed: 2,Unnamed: 3,Unnamed: 4,Unnamed: 5,Unnamed: 6,Unnamed: 7,Unnamed: 8,Unnamed: 9,Unnamed: 10,Unnamed: 11,Unnamed: 12,Unnamed: 13,Unnamed: 14,Unnamed: 15,Unnamed: 16,Unnamed: 17,Unnamed: 18,Unnamed: 19,Unnamed: 20,Unnamed: 21,Unnamed: 22,Unnamed: 23,Unnamed: 24,Unnamed: 25,Unnamed: 26,Unnamed: 27,Unnamed: 28,Unnamed: 29,Unnamed: 30,Unnamed: 31,Unnamed: 32,Unnamed: 33,Unnamed: 34,Unnamed: 35,Unnamed: 36,Unnamed: 37,Unnamed: 38,Unnamed: 39,Unnamed: 40,Unnamed: 41,Unnamed: 42,Unnamed: 43,Unnamed: 44,Unnamed: 45,Unnamed: 46,Unnamed: 47,Unnamed: 48
NG_007929.1 (ATG start),-82T>C,62A>T,64C>T,76A>T,83A>G,85C>A,86G>C,136A>G,12710T>A,12820G>A,12828G>A,12853G>T,12998T>C,13072A>G,13075C>T,13076G>A,13101G>T,15614C>G,15618C>T,15631G>T,15662G>A,15663T>G,15708T>C,18008A>C,18045C>A,18053A>G,18701G>C,18783C>G,18803C>A,21011T>C,21034C>T,21088T>C,21089A>G,21160C>T,21161G>A,21166T>C,21173T>A,21388T>A,21435G>A,21498C>A,25347G>A,25374G>A,25421A>G,25436G>A,25473G>A,25500A>T,25505C>A; 25505C>T,Structural Variation
Effect on protein (NP_000758.1),,p.Q21L,p.R22C,p.T26S,p.D28G,p.R29S,p.R29P,p.M46V,p.Y62X,p.G99E,p.A102T,p.G110V,p.I114T,p.K139E,p.R140W,p.R140Q,p.E148D,p.P167A,p.T168I,"p.Q172H, splice defect",p.V183I,p.V183G,p.M198T,p.H247P,p.S259R,p.K262R,p.A279P,p.T306S,p.L313I,p.I328T,p.R336C,p.Y354H,p.Y354C,p.R378X,p.R378Q,p.Y380H,p.I382N,p.I391N,p.A407T,p.P428T,p.R434Q,p.R443H,p.M459V,p.A464T,p.G476D,p.Q485L,p.R487S; p.R487C,
"Position at NC_000019.10 (Homo sapiens chromosome 19, GRCh38.p13)",g.40991224T>C,g.40991367A>T,g.40991369C>T,g.40991381A>T,g.40991388A>G,g.40991390C>A,g.40991391G>C,g.40991441A>G,g.41004015T>A,g.41004125G>A,g.41004133G>A,g.41004158G>T,g.41004303T>C,g.41004377A>G,g.41004380C>T,g.41004381G>A,g.41004406G>T,g.41006919C>G,g.41006923C>T,g.41006936G>T,g.41006967G>A,g.41006968T>G,g.41007013T>C,g.41009313A>C,g.41009350C>A,g.41009358A>G,g.41010006G>C,g.41010088C>G,g.41010108C>A,g.41012316T>C,g.41012339C>T,g.41012393T>C,g.41012394A>G,g.41012465C>T,g.41012466G>A,g.41012471T>C,g.41012478T>A,g.41012693T>A,g.41012740G>A,g.41012803C>A,g.41016652G>A,g.41016679G>A,g.41016726A>G,g.41016741G>A,g.41016778G>A,g.41016805A>T,g.41016810C>A; g.41016810C>T,
Position at NG_007929.1 (CYP2B6 RefSeqGene; forward relative to chromosome),g.4926T>C,g.5069A>T,g.5071C>T,g.5083A>T,g.5090A>G,g.5092C>A,g.5093G>C,g.5143A>G,g.17717T>A,g.17827G>A,g.17835G>A,g.17860G>T,g.18005T>C,g.18079A>G,g.18082C>T,g.18083G>A,g.18108G>T,g.20621C>G,g.20625C>T,g.20638G>T,g.20669G>A,g.20670T>G,g.20715T>C,g.23015A>C,g.23052C>A,g.23060A>G,g.23708G>C,g.23790C>G,g.23810C>A,g.26018T>C,g.26041C>T,g.26095T>C,g.26096A>G,g.26167C>T,g.26168G>A,g.26173T>C,g.26180T>A,g.26395T>A,g.26442G>A,g.26505C>A,g.30354G>A,g.30381G>A,g.30428A>G,g.30443G>A,g.30480G>A,g.30507A>T,g.30512C>A; g.30512C>T,
rsID,rs34223104,rs34883432,rs8192709,rs33973337,rs33980385,rs33926104,rs34284776,rs35303484,rs281864907,rs36060847,rs148009906,rs186335453,rs139801276,rs12721655,rs535039125,rs35773040,rs145884402,rs3826711,rs36056539,rs3745274,rs58871670,rs373489637,rs36079186,,rs45482602,rs2279343,rs139029625,rs34698757,rs193922917,rs28399499,rs34826503,rs754621576,rs780991919,rs34097093,rs200458614,rs201500445,rs200238771,rs35979566,rs193922918,rs35010098,rs764288403,rs374099483,rs3211369,rs117872433,rs564083989,,rs3211371,
CYP2B6 Allele,,,,,,,,,,,,,,,,,,,,,,,,,,,,,,,,,,,,,,,,,,,,,,,,
*1,T,A,C,A,A,C,G,A,T,G,G,G,T,A,C,G,G,C,C,G,G,T,T,A,C,A,G,C,C,T,C,T,A,C,G,T,T,T,G,C,G,G,A,G,G,A,C,
*2,,,T,,,,,,,,,,,,,,,,,,,,,,,,,,,,,,,,,,,,,,,,,,,,,
*3,,,,,,,,,,,,,,,,,,,,,,,,,A,,,,,,,,,,,,,,,,,,,,,,,
*4,,,,,,,,,,,,,,,,,,,,,,,,,,G,,,,,,,,,,,,,,,,,,,,,,
*5,,,,,,,,,,,,,,,,,,,,,,,,,,,,,,,,,,,,,,,,,,,,,,,T,
*6,,,,,,,,,,,,,,,,,,,,T,,,,,,G,,,,,,,,,,,,,,,,,,,,,,
*7,,,,,,,,,,,,,,,,,,,,T,,,,,,G,,,,,,,,,,,,,,,,,,,,,T,
*8,,,,,,,,,,,,,,G,,,,,,,,,,,,,,,,,,,,,,,,,,,,,,,,,,
*9,,,,,,,,,,,,,,,,,,,,T,,,,,,,,,,,,,,,,,,,,,,,,,,,,
*10,,T,T,,,,,,,,,,,,,,,,,,,,,,,,,,,,,,,,,,,,,,,,,,,,,
*11,,,,,,,,G,,,,,,,,,,,,,,,,,,,,,,,,,,,,,,,,,,,,,,,,
*12,,,,,,,,,,A,,,,,,,,,,,,,,,,,,,,,,,,,,,,,,,,,,,,,,
*13,,,,,,,,,,,,,,G,,,,,,T,,,,,,G,,,,,,,,,,,,,,,,,,,,,,
*14,,,,,,,,,,,,,,,,A,,,,,,,,,,,,,,,,,,,,,,,,,,,,,,,,
*15,,,,,,,,,,,,,,,,,,,,,,,,,,,,,,,,,,,,,,A,,,,,,,,,,
*17,,,,T,G,A,C,,,,,,,,,,,,,,,,,,,,,,,,,,,,,,,,,,,,,,,,,
*18,,,,,,,,,,,,,,,,,,,,,,,,,,R,,,,C,,,,,,,,,,,,,,,,,,
*19,,,,,,,,,,,,,,,,,,,,T,,,,,,G,,,,,T,,,,,,,,,,,,,,,,,
*20,,,,,,,,,,,,,,,,,,,T,T,,,,,,G,,,,,,,,,,,,,,,,,,,,,,
*21,,,,,,,,,,,,,,,,,,,,,,,,,,,,,,,,,,,,,,,,A,,,,,,,,
*22,C,,,,,,,,,,,,,,,,,,,,,,,,,,,,,,,,,,,,,,,,,,,,,,,
*23,,,,,,,,,,,,,,,,,,,,,,,,,,,,,,,,,,,,,,,,,,,G,,,,,
*24,,,,,,,,,,,,,,,,,,,,,,,,,,,,,,,,,,,,,,,,,,,,,A,,,
*25,,,,,,,,,,,,,,,,,,,,,,,,,,,,,,,,,,,,,,,,,,,,,,T,,
*26,,,,,,,,,,,,,,,,,,G,,T,,,,,,G,,,,,,,,,,,,,,,,,,,,,,
*27,,,,,,,,,,,,,,,,,,,,,,,C,,,,,,,,,,,,,,,,,,,,,,,,,
*28,,,,,,,,,,,,,,,,,,,,,,,,,,,,G,,,,,,T,,,,,,,,,,,,,,
*29,,,,,,,,,,,,,,,,,,,,,,,,,,,,,,,,,,,,,,,,,,,,,,,,CYP2B7-CYP2B6 hybrid gene
*30,,,,,,,,,,,,,,,,,,,,,,,,,,,,,,,,,,,,,,,,,,,,,,,,CYP2B6-CYP2B7 hybrid gene
*31,,,,,,,,,,,,,,,,,,,,,,,,,,,,,A,,,,,,,,,,,,,,,,,,,
*32,,,,,,,,,,,,,,,,,,,,,,,,,,,,,,,,,,,,,,,A,,,,,,,,,
*33,,,,,,,,,,,,,,,,,,,,,,,,,,,,,,,,,,,,,,,,,,,,,,,A,
*34,C,,,,,,,,,,,,,,,,,,,T,,,,,,G,,,,,,,,,,,,,,,,,,,,,A,
*35,C,,,,,,,,,,,T,C,,,,T,,,,,,C,,,,C,,,,,,,,,,,,,,,,,,,,,
*36,C,,,,,,,,,,,,,,,,,,,T,,,,,,G,,,,,,,,,,,,,,,,,,,,,,
*37,,,,,,,,,,,,,,,,,,,,T,,G,,,,G,,,,,,,,,,,,,,,,,,,,,,
*38,,,,,,,,,A,,,,,,,,,,,T,,,,,,G,,,,,,,,,,,,,,,,,,,,,,
*39,,,,,,,,,,,,,,,T,,,,,T,,,,,,G,,,,,,,,,,,,,,,,,,,,,,
*40,,,,,,,,,,,,,,,,,,,,T,,,,,,G,,,,,,,,,A,,,,,,,,,,,,,
*41,,,,,,,,,,,,,,,,,,,,T,,,,,,G,,,,,,,,,,C,,,,,,,,,,,,
*42,,,,,,,,,,,,,,,,,,,,T,,,,,,G,,,,,,,,,,,,,,,,A,,,,,,
*43,,,,,,,,,,,,,,,,,,,,T,,,,,,G,,,,,,,,,,,,,,,,,,A,,,,
*44,,,,,,,,,,,A,,,,,,,,,,,,,,,,,,,,,,,,,,,,,,,,,,,,,
*45,,,,,,,,,,,,,,,,,,,,,A,,,,,,,,,,,,,,,,,,,,,,,,,,,
*46,,,,,,,,,,,,,,,,,,,,,,,,C,,,,,,,,,,,,,,,,,,,,,,,,
*47,,,,,,,,,,,,,,,,,,,,,,,,,,,,,,,,C,G,,,,,,,,,,,,,,,
*48,,,,,,,,,,,,,,,,,,,,,,,,,,,,,,,,,,,,,A,,,,,,,,,,,
*49,,,,,,,,,,,,,,,,,,,,,,,,,,,,,,,,,,,,,,,,,A,,,,,,,
