GENE: NAT2,,,,,,,,,,,,,,,,,,,,,,,,,,,,,,,,,,,,,,
start,341T>C*,481C>T*,803A>G*,590G>A*,759C>T*,282C>T*,Î”859*,411A>T*,70T>A*,838G>A*,472A>C*,203G>A*,578C>T*,111T>C*,518A>G*,766A>G*,857G>A*,638C>T*,345C>T*,152G>T*,191G>A*,499G>A*,364G>A*,622T>C*,609G>T*,403C>G*,228C>T*,29T>C*,683C>T*,434A>C*,845A>C* ,190C>T*,600A>G*,458C>T*,308C>T*,665T>G*,633G>A*,226T>G*
Effect on protein,I114T,L161L,K268R,R197Q,V253V,Y94Y,S287 Frameshift,L137F,L24I,V280M,L161L,C68Y,T193M,F37F,K173R,K256E,G286E,P213L,D115D,G51V,R64Q,E167K,D122N ,Y208H,E203D,L135V,Y76Y,I10T,P228L,Q145P,K282T,R64W,E200E,T153I,T103I,F222C,T211T,Y76D
Position at NC_000008.10,,,,,,,,,,,,,,,,,,,,,,,,,,,,,,,,,,,,,,
Position at NG,,,,,,,,,,,,,,,,,,,,,,,,,,,,,,,,,,,,,,
rsID,rs1801280,rs1799929,rs1208,rs1799930,rs56011192,rs1041983,,rs4986997,rs45477599,rs56393504 ,rs139351995,rs72466458,rs79050330,rs72554615,,rs55700793,rs1799931,rs138707146,rs45532639,rs72466457,rs1801279,rs72554617,rs4986996,rs56387565,rs45618543,rs12720065   ,rs72466459,rs72466456,rs45518335,rs72554616,rs56054745,rs1805158,rs72466461,rs72466460,,,,
NAT2 Allele,,,,,,,,,,,,,,,,,,,,,,,,,,,,,,,,,,,,,,
*4,T,C,A,G,C,C,No Del,A,T,G,A,G,C,T,A,A,G,C,C,G,G,G,G,T,G,C,C,T,C,A,A,C,A,C,C,T,G,T
*5,C,,,,,,,,,,,,,,,,,,,,,,,,,,,,,,,,,,,,,
*5A,C,T,,,,,,,,,,,,,,,,,,,,,,,,,,,,,,,,,,,,
*5B,C,T,G,,,,,,,,,,,,,,,,,,,,,,,,,,,,,,,,,,,
*5C,C,,G,,,,,,,,,,,,,,,,,,,,,,,,,,,,,,,,,,,
*5D,C,,,,,,,,,,,,,,,,,,,,,,,,,,,,,,,,,,,,,
*5E,C,,,A,,,,,,,,,,,,,,,,,,,,,,,,,,,,,,,,,,
*5F,C,T,G,,T,,,,,,,,,,,,,,,,,,,,,,,,,,,,,,,,,
*5G,C,T,G,,,T,,,,,,,,,,,,,,,,,,,,,,,,,,,,,,,,
*5H,C,T,G,,,,Del,,,,,,,,,,,,,,,,,,,,,,,,,,,,,,,
*5I,C,T,G,,,,,T,,,,,,,,,,,,,,,,,,,,,,,,,,,,,,
*5J,C,,,A,,T,,,,,,,,,,,,,,,,,,,,,,,,,,,,,,,,
*5K,C,,,,,T,,,,,,,,,,,,,,,,,,,,,,,,,,,,,,,,
*5L,C,T,G,,,,,,A,,,,,,,,,,,,,,,,,,,,,,,,,,,,,
*5M,C,T,G,,,,,,,A,,,,,,,,,,,,,,,,,,,,,,,,,,,,
*5N,C,T,G,,,,,,,,C,,,,,,,,,,,,,,,,,,,,,,,,,,,
*5O,C,T,G,,,,,,,,,A,,,,,,,,,,,,,,,,,,,,,,,,,,
*5P,C,T,G,A,,T,,,,,,,T,,,,,,,,,,,,,,,,,,,,,,,,,
*5Q,C,,G,A,,,,,,,,,,,,,,,,,,,,,,,,,,,,,,,,,,
*5R,C,,G,A,,T,,,,,,,,,,,,,,,,,,,,,,,,,,,,,,,,
*5S,C,,,,,,,,,,,,,,,,A,,,,,,,,,,,,,,,,,,,,,
*5T,C,,G,,,T,,,,,,,,,,,,,,,,,,,,,,,,,,,,,,,,
*5U,C,T,G,A,,T,,,,,,,,,,,,,,,,,,,,,,,,,,,,,,,,
*5V,C,T,,,,T,,,,,,,,,,,,,,,,,,,,,,,,,,,,,,,,
*6,,,,A,,,,,,,,,,,,,,,,,,,,,,,,,,,,,,,,,,
*6A,,,,A,,T,,,,,,,,,,,,,,,,,,,,,,,,,,,,,,,,
*6B,,,,A,,,,,,,,,,,,,,,,,,,,,,,,,,,,,,,,,,
*6C,,,G,A,,T,,,,,,,,,,,,,,,,,,,,,,,,,,,,,,,,
*6D,,,,A,,T,,,,,,,,C,,,,,,,,,,,,,,,,,,,,,,,,
*6E,,T,,A,,,,,,,,,,,,,,,,,,,,,,,,,,,,,,,,,,
*6F,,,G,A,,,,,,,,,,,,,,,,,,,,,,,,,,,,,,,,,,
*6G,,,,A,,T,,,,,,,,,G,,,,,,,,,,,,,,,,,,,,,,,
*6H,,,,A,,T,,,,,,,,,,G,,,,,,,,,,,,,,,,,,,,,,
*6I,,,,A,,T,,,,A,,,,,,,A,,,,,,,,,,,,,,,,,,,,,
*6J,,,,A,,T,,,,,,,,,,,A,,,,,,,,,,,,,,,,,,,,,
*6K,,,,A,,T,,,,,,,,,,,,T,,,,,,,,,,,,,,,,,,,,
*6L,,,,A,,T,,,,,,,,,,,,,T,,,,,,,,,,,,,,,,,,,
*6M,,,,A,,T,,,,,,,,,,,,,,T,,,,,,,,,,,,,,,,,,
*6N,,T,,A,,T,,,,,,,,,,,,,,,,,,,,,,,,,,,,,,,,
*6O,,,,A,,T,,,,A,,,,,,,,,,,,,,,,,,,,,,,,,,,,
*6P,,,,A,,,,,,,,,,,,,,,,,,,,,,G,,,,,,,,,,,,
*6Q,,,,A,,T,,,,,,,,,,,,,,,,,,,,,,,,,,,,,T,,,
*6R,,T,G,A,,T,,,,,,,,,,,,,,,,,,,,,,,,,,,,,,,,
*6S,,,,A,,,,,,,,,,,,,A,,,,,,,,,,,,,,,,,,,,,
*6T,,T,,A,,,,,,,,,,,,,A,,,,,,,,,,,,,,,,,,,,,
*7,,,,,,,,,,,,,,,,,A,,,,,,,,,,,,,,,,,,,,,
*7A,,,,,,,,,,,,,,,,,A,,,,,,,,,,,,,,,,,,,,,
*7B,,,,,,T,,,,,,,,,,,A,,,,,,,,,,,,,,,,,,,,,
*7C,,,G,,,T,,,,,,,,,,,A,,,,,,,,,,,,,,,,,,,,,
*7D,,,,,,T,,,,,,,,,,,A,,,,A,,,,,,,,,,,,,,,,,
*7E,,T,,,,T,,,,,,,,,,,A,,,,,,,,,,,,,,,,,,,,,
*7F,,T,G,,,T,,,,,,,,,,,A,,,,,,,,,,,,,,,,,,,,,
*7G,,,,,,T,,,,,,,,,,,A,,,,,,,,,,,,,,,,,,,,,G
*10,,,,,,,,,,,,,,,,,,,,,,A,,,,,,,,,,,,,,,,
*11,,T,,,,,,,,,,,,,,,,,,,,,,,,,,,,,,,,,,,,
*11A,,T,,,,,,,,,,,,,,,,,,,,,,,,,,,,,,,,,,,,
*11B,,T,,,,,Del,,,,,,,,,,,,,,,,,,,,,,,,,,,,,,,
*12,,,G,,,,,,,,,,,,,,,,,,,,,,,,,,,,,,,,,,,
*12A,,,G,,,,,,,,,,,,,,,,,,,,,,,,,,,,,,,,,,,
*12B,,,G,,,T,,,,,,,,,,,,,,,,,,,,,,,,,,,,,,,,
*12C,,T,G,,,,,,,,,,,,,,,,,,,,,,,,,,,,,,,,,,,
*12D,,,G,,,,,,,,,,,,,,,,,,,,A,,,,,,,,,,,,,,,
*12E,,,G,,,T,,,,,,,T,,,,,,,,,,,,,,,,,,,,,,,,,
*12F,,,G,,,,,,,,,,,,,,,,,,,,,C,,,,,,,,,,,,,,
*12G,,,G,,,,,,,,,,,,,,,,,,,,,,T,,,,,,,,,,,,,
*12H,,,G,,,,,,,,,,,,,,,,,,,,,,,G,,,,,,,,,,,,
*12I,,,G,,,,,,,,,,,,,,,,,,,,,,,,T,,,,,,,,,,,
*12J,,,G,,,,,,,,,,,,,,,,,,,,,,,,,C,,,,,,,,,,
*12K,,,G,,,,,,,,C,,,,,,,,,,,,,,,,,,,,,,,,,,,
*12L,,,G,,,,,,,,,,,,,,,,,,,,,,,,,,,,,,,,,G,,
*12M,,T,G,,,T,,,,,,,,,,,,,,,,,,,,,,,,,,,,,,,,
*13,,,,,,T,,,,,,,,,,,,,,,,,,,,,,,,,,,,,,,,
*13A,,,,,,T,,,,,,,,,,,,,,,,,,,,,,,,,,,,,,,,
*13B,,,,,,T,,,,,,,T,,,,,,,,,,,,,,,,,,,,,,,,,
*13C,,,,,,T,,,,,,,,,,,,,,,,,,,,,,,,,,,,,,G,,
*14,,,,,,,,,,,,,,,,,,,,,A,,,,,,,,,,,,,,,,,
*14A,,,,,,,,,,,,,,,,,,,,,A,,,,,,,,,,,,,,,,,
*14B,,,,,,T,,,,,,,,,,,,,,,A,,,,,,,,,,,,,,,,,
*14C,C,T,G,,,,,,,,,,,,,,,,,,A,,,,,,,,,,,,,,,,,
*14D,,,,A,,T,,,,,,,,,,,,,,,A,,,,,,,,,,,,,,,,,
*14E,,,G,,,,,,,,,,,,,,,,,,A,,,,,,,,,,,,,,,,,
*14F,C,,G,,,,,,,,,,,,,,,,,,A,,,,,,,,,,,,,,,,,
*14G,,,G,,,T,,,,,,,,,,,,,,,A,,,,,,,,,,,,,,,,,
*14H,,,,,,T,,,,,,,,,,,,,,,A,,,,,,,,T,,,,,,,,,
*14I,,T,G,,,,,,,,,,,,,,,,,,A,,,,,,,,,,,,,,,,,
*14J,,,,,,T,,,,,,,,,,,,,,,A,,,,,,,,,,,,,,,,A,
*17,,,,,,,,,,,,,,,,,,,,,,,,,,,,,,C,,,,,,,,
*18,,,,,,,,,,,,,,,,,,,,,,,,,,,,,,,C,,,,,,,
*19,,,,,,,,,,,,,,,,,,,,,,,,,,,,,,,,T,,,,,,
*20,,,,,,,,,,,,,,,,,,,,,,,,,,,,,,,,,G,,,,,
*21,,,,,,,,,,,,,,,,,,,,,,,,,,,,,,,,,,T,,,,
*22,,,,,,,,,,,,,,,,,,,,,,,,,T,,,,,,,,,,,,,
*23,,,,,,,,,A,,,,,,,,,,,,,,,,,,,,,,,,,,,,,
*24,,,,,,,,,,,,,,,,,,,,,,,,,,G,,,,,,,,,,,,
*25,,,,,,,,,,,,,,,,,,,,,,,,,,,,,,,,,,,,G,,
